open,high,low,close,volume,date
208.48,208.48,208.48,208.48,20.0,2019-01-07 05:45:00
205.45,205.45,205.45,205.45,80.0,2019-01-09 05:45:00
205.45,205.45,197.58,202.42,50.0,2019-01-16 20:45:00
202.42,202.42,186.67,186.67,70.0,2019-01-17 20:45:00
186.67,186.67,179.39,179.39,500.0,2019-01-23 20:45:00
179.39,179.39,172.73,172.73,20.0,2019-01-29 20:45:00
166.06,172.73,161.21,161.21,60.0,2019-02-07 20:45:00
155.15,161.21,155.15,155.15,20.0,2019-02-10 20:45:00
149.7,155.15,146.06,146.06,60.0,2019-02-26 20:45:00
141.21,146.06,141.21,141.21,10.0,2019-03-03 20:45:00
136.36,141.21,136.36,136.36,20.0,2019-03-05 20:45:00
131.52,131.52,128.48,128.48,50.0,2019-04-09 20:45:00
124.24,124.24,124.24,124.24,20.0,2019-05-13 20:45:00
120.0,120.0,120.0,120.0,50.0,2019-05-14 20:45:00
116.36,116.36,113.94,113.94,70.0,2019-05-23 20:45:00
110.3,110.3,106.67,106.67,210.0,2019-05-26 20:45:00
103.64,103.64,102.42,102.42,20.0,2019-05-28 20:45:00
99.39,99.39,96.36,96.36,2505.0,2019-05-29 20:45:00
96.97,98.79,95.76,96.36,4586.0,2019-05-30 20:45:00
96.97,96.97,94.55,96.97,1100.0,2019-06-02 20:45:00
96.36,96.36,96.36,96.36,20.0,2019-06-03 20:45:00
95.76,95.76,92.73,92.73,1800.0,2019-06-04 20:45:00
93.33,95.15,93.33,95.15,1820.0,2019-06-06 20:45:00
94.55,97.58,94.55,96.36,3610.0,2019-06-11 20:45:00
95.76,95.76,92.12,93.94,790.0,2019-06-12 20:45:00
93.33,93.33,90.91,92.12,600.0,2019-06-13 20:45:00
91.52,91.52,90.3,91.52,660.0,2019-06-16 20:45:00
90.91,90.91,89.7,90.3,480.0,2019-06-17 20:45:00
89.7,90.3,89.7,90.3,480.0,2019-06-18 20:45:00
89.7,90.91,89.7,90.3,260.0,2019-06-19 20:45:00
87.88,90.91,87.88,90.3,470.0,2019-06-20 20:45:00
89.7,90.3,89.09,89.7,640.0,2019-06-23 20:45:00
89.09,89.7,87.88,89.7,760.0,2019-06-24 20:45:00
89.09,89.7,88.48,89.7,390.0,2019-06-25 20:45:00
89.09,89.7,88.48,89.09,760.0,2019-06-26 20:45:00
88.48,90.3,88.48,89.7,480.0,2019-06-27 20:45:00
87.27,89.09,87.27,88.48,860.0,2019-06-30 20:45:00
87.88,88.48,87.27,87.88,950.0,2019-07-01 20:45:00
88.48,88.48,87.27,87.88,530.0,2019-07-02 20:45:00
87.27,87.88,86.67,86.67,1030.0,2019-07-03 20:45:00
86.67,87.27,86.67,87.27,130.0,2019-07-04 20:45:00
86.67,87.88,86.67,87.27,180.0,2019-07-07 20:45:00
86.67,87.27,86.67,86.67,250.0,2019-07-08 20:45:00
86.06,88.48,86.06,87.27,420.0,2019-07-09 20:45:00
86.67,87.27,86.67,87.27,220.0,2019-07-10 20:45:00
87.27,87.27,85.45,85.45,1050.0,2019-07-11 20:45:00
84.85,86.06,84.85,86.06,290.0,2019-07-14 20:45:00
86.06,86.67,86.06,86.67,100.0,2019-07-15 20:45:00
86.06,87.27,86.06,86.06,370.0,2019-07-16 20:45:00
86.67,87.88,86.67,87.27,450.0,2019-07-17 20:45:00
87.88,87.88,86.06,86.06,170.0,2019-07-18 20:45:00
86.67,87.27,86.06,87.27,270.0,2019-07-21 20:45:00
87.27,87.27,86.06,87.27,520.0,2019-07-22 20:45:00
87.27,87.88,86.67,86.67,280.0,2019-07-23 20:45:00
86.67,87.88,85.45,87.88,410.0,2019-07-24 20:45:00
87.27,87.88,87.27,87.27,380.0,2019-07-25 20:45:00
86.67,86.67,86.67,86.67,190.0,2019-07-28 20:45:00
86.67,86.67,84.24,84.85,160.0,2019-07-29 20:45:00
84.85,85.45,84.24,84.85,440.0,2019-07-30 20:45:00
84.24,85.45,84.24,84.85,330.0,2019-07-31 20:45:00
84.24,85.45,84.24,84.24,330.0,2019-08-01 20:45:00
83.64,84.85,83.64,84.24,480.0,2019-08-04 20:45:00
84.24,84.24,83.64,83.64,230.0,2019-08-05 20:45:00
84.24,84.85,83.64,84.85,650.0,2019-08-06 20:45:00
84.24,84.24,82.42,84.24,200.0,2019-08-07 20:45:00
83.64,85.45,83.64,84.24,680.0,2019-08-08 20:45:00
83.64,83.64,80.61,80.61,1450.0,2019-08-11 20:45:00
80.61,84.24,80.61,83.64,390.0,2019-08-12 20:45:00
83.64,83.64,82.42,82.42,740.0,2019-08-13 20:45:00
81.82,83.03,81.82,82.42,370.0,2019-08-14 20:45:00
82.42,82.42,81.82,81.82,220.0,2019-08-15 20:45:00
81.82,81.82,80.61,81.21,610.0,2019-08-18 20:45:00
80.61,80.61,79.39,80.0,330.0,2019-08-19 20:45:00
79.39,80.0,78.79,80.0,260.0,2019-08-20 20:45:00
79.39,80.61,79.39,80.61,670.0,2019-08-21 20:45:00
80.61,81.21,80.0,80.0,600.0,2019-08-22 20:45:00
79.39,79.39,78.18,79.39,370.0,2019-08-25 20:45:00
78.79,80.0,78.79,79.39,340.0,2019-08-26 20:45:00
78.79,80.61,78.79,80.0,340.0,2019-08-27 20:45:00
79.39,80.61,79.39,80.0,200.0,2019-08-28 20:45:00
80.61,81.21,79.39,79.39,330.0,2019-08-29 20:45:00
78.79,79.39,78.18,78.18,211.0,2019-09-01 20:45:00
77.58,77.58,76.97,76.97,200.0,2019-09-02 20:45:00
76.97,77.58,76.36,76.97,50.0,2019-09-03 20:45:00
76.97,78.18,76.97,77.58,310.0,2019-09-04 20:45:00
76.97,78.18,76.97,78.18,360.0,2019-09-05 20:45:00
77.58,77.58,76.97,76.97,50.0,2019-09-08 20:45:00
76.36,76.36,75.76,75.76,400.0,2019-09-09 20:45:00
76.36,76.36,75.76,76.36,301.0,2019-09-10 20:45:00
76.36,76.97,75.76,76.97,120.0,2019-09-11 20:45:00
76.36,76.97,75.76,76.36,300.0,2019-09-12 20:45:00
76.36,76.36,74.55,75.76,780.0,2019-09-16 20:45:00
75.76,76.36,75.76,76.36,3194.0,2019-09-17 20:45:00
76.36,76.97,76.36,76.97,140.0,2019-09-18 20:45:00
76.36,76.97,75.76,76.97,340.0,2019-09-19 20:45:00
76.36,76.36,73.94,73.94,320.0,2019-09-22 20:45:00
73.33,75.15,73.33,75.15,240.0,2019-09-23 20:45:00
74.55,75.15,74.55,74.55,170.0,2019-09-24 20:45:00
74.55,74.55,73.94,73.94,330.0,2019-09-25 20:45:00
73.33,73.94,72.12,72.12,290.0,2019-09-26 20:45:00
71.52,72.12,71.52,72.12,200.0,2019-09-29 20:45:00
72.12,73.33,72.12,73.33,60.0,2019-09-30 20:45:00
73.33,73.94,73.33,73.33,250.0,2019-10-01 20:45:00
72.73,73.33,72.73,73.33,60.0,2019-10-02 20:45:00
73.94,74.55,73.94,74.55,80.0,2019-10-03 20:45:00
74.55,75.76,74.55,75.76,130.0,2019-10-14 20:45:00
76.36,77.58,76.36,76.97,260.0,2019-10-15 20:45:00
76.36,76.97,76.36,76.97,30.0,2019-10-16 20:45:00
76.97,77.58,76.97,77.58,20.0,2019-10-17 20:45:00
77.58,77.58,76.97,77.58,90.0,2019-10-24 20:45:00
77.58,77.58,76.97,76.97,100.0,2019-10-31 20:45:00
76.97,76.97,76.97,76.97,200.0,2019-11-03 20:45:00
76.97,76.36,75.15,75.15,210.0,2019-11-04 20:45:00
75.15,74.55,74.55,74.55,90.0,2019-11-05 20:45:00
74.55,75.76,73.94,75.76,320.0,2019-11-06 20:45:00
75.76,75.76,75.15,75.76,150.0,2019-11-07 20:45:00
75.15,75.15,75.15,75.15,80.0,2019-11-11 20:45:00
74.55,75.15,73.33,73.33,200.0,2019-11-12 20:45:00
72.73,73.33,72.73,72.73,220.0,2019-11-13 20:45:00
72.73,73.33,71.52,71.52,310.0,2019-11-14 20:45:00
70.91,72.12,70.91,71.52,290.0,2019-11-17 20:45:00
70.91,72.12,70.3,72.12,270.0,2019-11-18 20:45:00
72.73,73.94,72.73,73.94,990.0,2019-11-19 20:45:00
74.55,76.97,74.55,75.76,340.0,2019-11-20 20:45:00
75.15,76.36,74.55,76.36,440.0,2019-11-21 20:45:00
76.36,76.36,75.15,75.76,120.0,2019-11-24 20:45:00
75.76,75.76,74.55,74.55,80.0,2019-11-25 20:45:00
74.55,75.15,73.33,73.33,490.0,2019-11-26 20:45:00
72.73,73.94,72.73,73.94,120.0,2019-11-27 20:45:00
73.94,73.94,72.73,72.73,240.0,2019-11-28 20:45:00
72.12,72.73,72.12,72.12,100.0,2019-12-01 20:45:00
71.52,71.52,70.3,70.91,160.0,2019-12-02 20:45:00
70.3,71.52,70.3,71.52,440.0,2019-12-03 20:45:00
70.91,71.52,70.91,70.91,140.0,2019-12-04 20:45:00
70.91,72.12,70.91,70.91,170.0,2019-12-05 20:45:00
70.91,70.91,70.3,70.91,180.0,2019-12-08 20:45:00
71.52,71.52,71.52,71.52,90.0,2019-12-09 20:45:00
71.52,71.52,70.91,71.52,210.0,2019-12-10 20:45:00
70.91,72.73,70.91,72.12,220.0,2019-12-11 20:45:00
71.52,73.33,70.91,73.33,190.0,2019-12-12 20:45:00
72.73,74.55,72.73,74.55,330.0,2019-12-15 20:45:00
73.94,74.55,73.94,73.94,480.0,2019-12-16 20:45:00
73.33,73.33,72.73,72.73,50.0,2019-12-17 20:45:00
72.12,73.94,72.12,73.94,100.0,2019-12-18 20:45:00
74.55,75.15,73.94,75.15,140.0,2019-12-19 20:45:00
75.15,75.76,74.55,75.76,1950.0,2019-12-22 20:45:00
76.36,76.36,75.76,75.76,240.0,2019-12-23 20:45:00
76.36,78.79,75.76,78.79,2060.0,2019-12-24 20:45:00
78.18,78.18,77.58,77.58,90.0,2019-12-25 20:45:00
77.58,77.58,76.36,76.97,690.0,2019-12-26 20:45:00
76.36,77.58,76.36,77.58,260.0,2019-12-29 20:45:00
76.97,77.58,75.76,75.76,635.0,2019-12-30 20:45:00
76.36,76.97,75.15,76.36,460.0,2019-12-31 20:45:00
76.97,76.97,75.76,75.76,260.0,2020-01-01 20:45:00
76.36,79.39,76.36,78.79,1840.0,2020-01-02 20:45:00
78.79,78.79,78.79,78.79,310.0,2020-01-05 20:45:00
78.18,78.79,76.97,78.79,750.0,2020-01-06 20:45:00
79.39,80.0,78.18,80.0,510.0,2020-01-07 20:45:00
80.0,80.61,77.58,80.61,410.0,2020-01-08 20:45:00
80.0,81.21,80.0,80.61,580.0,2020-01-12 20:45:00
80.0,80.61,78.79,78.79,1040.0,2020-01-13 20:45:00
78.18,79.39,76.97,76.97,530.0,2020-01-14 20:45:00
76.36,77.58,76.36,76.97,340.0,2020-01-15 20:45:00
76.97,80.0,76.97,80.0,1720.0,2020-01-16 20:45:00
80.0,80.61,78.18,78.18,690.0,2020-01-19 20:45:00
78.79,79.39,77.58,78.18,560.0,2020-01-20 20:45:00
78.79,79.39,78.18,78.18,810.0,2020-01-21 20:45:00
77.58,77.58,75.76,77.58,770.0,2020-01-22 20:45:00
78.18,78.18,77.58,77.58,250.0,2020-01-23 20:45:00
77.58,78.79,77.58,78.79,190.0,2020-01-26 20:45:00
78.18,78.79,76.97,77.58,810.0,2020-01-27 20:45:00
76.97,78.18,76.97,77.58,760.0,2020-01-28 20:45:00
78.18,78.79,77.58,78.18,430.0,2020-01-29 20:45:00
77.58,77.58,77.58,77.58,600.0,2020-01-30 20:45:00
76.97,78.18,76.97,77.58,430.0,2020-02-02 20:45:00
76.97,76.97,75.15,76.97,750.0,2020-02-03 20:45:00
76.97,77.58,76.97,77.58,580.0,2020-02-04 20:45:00
76.97,77.58,76.97,77.58,320.0,2020-02-05 20:45:00
76.97,76.97,76.97,76.97,290.0,2020-02-06 20:45:00
76.36,77.58,76.36,77.58,120.0,2020-02-09 20:45:00
76.97,76.97,75.15,75.76,3380.0,2020-02-10 20:45:00
75.15,76.36,74.55,75.15,473.0,2020-02-11 20:45:00
75.15,75.76,75.15,75.76,1470.0,2020-02-12 20:45:00
75.15,75.76,74.55,75.15,670.0,2020-02-13 20:45:00
74.55,74.55,73.94,74.55,330.0,2020-02-16 20:45:00
73.94,76.97,73.94,76.36,5480.0,2020-02-17 20:45:00
75.76,78.18,75.15,77.58,3250.0,2020-02-18 20:45:00
77.58,78.18,76.36,78.18,810.0,2020-02-19 20:45:00
78.18,80.0,77.58,78.79,2000.0,2020-02-20 20:45:00
78.18,79.39,77.58,78.18,3160.0,2020-02-23 20:45:00
78.18,79.39,76.97,78.18,4020.0,2020-02-24 20:45:00
78.18,79.39,76.36,78.18,1670.0,2020-02-25 20:45:00
77.58,81.82,77.58,81.82,4420.0,2020-02-26 20:45:00
81.82,84.24,80.61,81.21,3604.0,2020-02-27 20:45:00
81.21,81.21,78.18,78.18,990.0,2020-03-01 20:45:00
77.58,78.18,77.58,77.58,760.0,2020-03-02 20:45:00
77.58,78.18,76.97,76.97,530.0,2020-03-03 20:45:00
76.97,76.97,75.76,76.36,700.0,2020-03-04 20:45:00
75.76,76.36,75.15,76.36,490.0,2020-03-05 20:45:00
75.76,75.76,74.55,74.55,90.0,2020-03-10 20:45:00
75.15,75.15,74.55,74.55,60.0,2020-03-11 20:45:00
74.55,75.15,73.94,73.94,2020.0,2020-03-12 20:45:00
73.33,73.33,71.52,71.52,440.0,2020-03-15 21:45:00
70.91,71.52,70.3,70.91,1300.0,2020-03-16 21:45:00
70.3,73.33,70.3,73.33,660.0,2020-03-17 21:45:00
72.73,73.94,72.73,72.73,500.0,2020-03-18 21:45:00
72.12,74.55,72.12,74.55,620.0,2020-03-19 21:45:00
73.94,73.94,73.94,73.94,60.0,2020-05-12 21:45:00
72.12,72.12,70.3,70.3,110.0,2020-07-05 18:11:58
69.7,69.7,69.09,69.09,1090.0,2020-07-06 20:45:00
69.09,69.7,69.09,69.7,1840.0,2020-07-07 20:45:00
69.7,70.91,69.7,70.3,400.0,2020-07-08 20:45:00
69.7,72.12,69.7,72.12,1360.0,2020-07-09 20:45:00
71.52,71.52,69.7,70.3,450.0,2020-07-12 20:45:00
69.7,70.3,69.7,69.7,1200.0,2020-07-13 20:45:00
70.3,70.3,69.09,70.3,650.0,2020-07-14 20:45:00
69.7,70.3,69.09,69.7,480.0,2020-07-15 20:45:00
69.7,70.3,69.09,69.7,505.0,2020-07-16 20:45:00
69.09,69.68,68.48,69.68,340.0,2020-07-20 20:45:00
69.7,70.91,69.1,70.3,1440.0,2020-07-21 20:45:00
69.7,69.7,68.48,68.48,910.0,2020-07-22 20:45:00
68.48,69.07,67.33,67.39,2120.0,2020-07-23 20:45:00
66.84,69.7,66.84,69.7,1180.0,2020-07-26 20:45:00
70.3,72.73,70.3,72.73,3793.0,2020-07-27 20:45:00
73.33,75.76,73.33,75.76,2450.0,2020-07-28 20:45:00
76.36,79.39,76.36,79.39,5190.0,2020-07-29 20:45:00
81.21,83.03,81.21,83.03,3200.0,2020-07-30 20:45:00
84.85,85.45,78.79,78.79,8085.0,2020-08-02 20:45:00
78.18,78.79,75.15,76.36,2915.0,2020-08-03 20:45:00
75.76,75.76,73.94,73.94,1551.0,2020-08-05 20:45:00
74.55,74.55,72.73,73.33,1010.0,2020-08-06 20:45:00
72.73,75.15,72.73,75.15,900.0,2020-08-09 20:45:00
75.15,75.15,72.73,73.94,3130.0,2020-08-10 20:45:00
73.33,74.55,72.12,74.55,1020.0,2020-08-11 20:45:00
73.94,73.94,72.73,73.33,530.0,2020-08-12 20:45:00
73.33,76.36,72.73,76.36,3592.0,2020-08-13 20:45:00
75.76,75.76,73.94,75.15,1425.0,2020-08-16 20:45:00
74.55,77.58,74.55,77.58,1260.0,2020-08-17 20:45:00
76.97,77.58,73.94,77.58,930.0,2020-08-18 20:45:00
76.97,78.18,73.94,76.97,1070.0,2020-08-19 20:45:00
76.97,76.97,74.55,74.55,230.0,2020-08-20 20:45:00
73.94,75.76,73.94,75.76,1127.0,2020-08-23 20:45:00
75.15,76.97,75.15,76.36,2400.0,2020-08-24 20:45:00
75.76,76.36,74.55,76.36,2010.0,2020-08-25 20:45:00
75.76,75.76,73.33,75.15,1058.0,2020-08-26 20:45:00
74.55,76.36,74.55,75.15,2660.0,2020-08-27 20:45:00
75.15,75.76,73.94,75.15,480.0,2020-08-30 23:00:00
74.55,77.58,73.94,75.76,2200.0,2020-08-31 20:45:00
75.76,79.39,75.15,79.39,3381.0,2020-09-02 20:45:00
80.0,83.03,80.0,83.03,23834.0,2020-09-03 20:45:00
83.64,87.27,83.64,87.27,12268.0,2020-09-06 20:45:00
89.09,91.52,89.09,91.52,13835.0,2020-09-07 20:45:00
93.94,96.36,86.67,96.36,15521.0,2020-09-08 20:45:00
98.79,98.79,90.91,95.15,8611.0,2020-09-09 20:45:00
97.58,97.58,92.73,93.94,9437.0,2020-09-10 22:45:00
93.33,95.76,89.7,92.73,9440.0,2020-09-13 23:00:00
93.33,97.58,91.52,96.36,18670.0,2020-09-14 20:45:00
96.36,98.18,92.73,96.36,6948.0,2020-09-15 20:45:00
95.76,101.82,93.33,101.82,19313.0,2020-09-16 20:45:00
104.85,107.88,103.64,107.88,20957.0,2020-09-17 20:45:00
109.09,109.09,101.21,101.21,14426.0,2020-09-20 20:45:00
100.0,101.21,95.15,100.0,12426.0,2020-09-21 20:45:00
103.03,103.03,96.36,98.18,3410.0,2020-09-22 20:45:00
98.18,102.42,95.76,101.82,10672.0,2020-09-23 20:45:00
100.61,102.42,99.39,101.82,23993.0,2020-09-24 20:45:00
104.94,104.94,98.79,101.82,12001.0,2020-09-27 20:45:00
102.42,102.42,98.79,100.0,6025.0,2020-09-28 20:45:00
100.0,106.06,99.39,106.06,29825.0,2020-09-29 20:45:00
109.09,112.73,104.24,112.73,59627.0,2020-09-30 20:45:00
115.15,120.0,110.91,111.52,40465.0,2020-10-01 20:45:00
110.3,110.3,104.85,106.67,37825.0,2020-10-04 20:45:00
105.45,110.91,104.24,109.09,12591.0,2020-10-05 20:45:00
107.88,115.76,107.88,115.15,22545.0,2020-10-06 20:45:00
113.94,122.42,113.94,122.42,48539.0,2020-10-07 20:45:00
121.82,129.09,115.76,118.18,52348.0,2020-10-08 20:45:00
118.18,119.39,112.12,115.15,12067.0,2020-10-11 20:45:00
114.55,118.79,110.3,114.55,10860.0,2020-10-12 20:45:00
115.15,115.15,110.3,110.91,15819.0,2020-10-13 20:45:00
109.7,115.76,106.06,110.3,11515.0,2020-10-14 20:45:00
109.09,115.15,109.09,110.3,7901.0,2020-10-15 20:45:00
111.52,116.97,111.52,116.97,22405.0,2020-10-20 20:45:00
116.97,121.21,114.55,114.55,14819.0,2020-10-21 20:45:00
113.94,115.76,112.73,114.55,9610.0,2020-10-22 20:45:00
113.33,114.55,111.52,114.55,6077.0,2020-10-28 20:45:00
114.55,115.76,110.91,113.94,8025.0,2020-10-29 20:45:00
112.73,115.15,112.73,113.33,12710.0,2020-11-01 20:45:00
112.12,116.97,110.91,116.97,11320.0,2020-11-02 20:45:00
115.76,115.76,113.33,115.15,3560.0,2020-11-03 20:45:00
115.76,115.76,113.33,113.94,2206.0,2020-11-04 20:45:00
112.73,115.15,112.73,115.15,8545.0,2020-11-05 20:45:00
113.94,119.39,113.94,118.18,30790.0,2020-11-08 20:45:00
118.18,120.61,115.76,118.18,15485.0,2020-11-09 20:45:00
116.97,117.58,115.76,116.97,5220.0,2020-11-10 20:45:00
115.76,116.97,115.76,115.76,4180.0,2020-11-11 20:45:00
115.15,118.18,113.94,117.58,14498.0,2020-11-12 20:45:00
116.36,116.36,113.33,113.94,4140.0,2020-11-18 20:45:00
112.73,116.97,112.73,116.36,10065.0,2020-11-19 20:45:00
117.58,117.58,113.33,113.94,8830.0,2020-11-22 20:45:00
117.58,117.58,113.33,113.94,6120.0,2020-11-23 20:45:00
113.94,116.97,112.73,116.36,15701.0,2020-11-24 20:45:00
117.58,120.0,113.33,118.18,7970.0,2020-11-25 20:45:00
118.18,119.39,115.15,116.97,16047.0,2020-11-26 20:45:00
118.18,118.18,113.33,114.55,19134.0,2020-11-29 20:45:00
113.33,118.79,113.33,115.76,13205.0,2020-11-30 20:45:00
115.15,116.36,114.55,115.76,10059.0,2020-12-01 20:45:00
114.55,115.76,113.33,113.94,11230.0,2020-12-02 20:45:00
112.73,115.15,112.73,113.94,10269.0,2020-12-03 20:45:00
113.33,115.76,111.52,111.52,5560.0,2020-12-06 20:45:00
110.91,114.55,109.09,112.12,9309.0,2020-12-07 20:45:00
112.12,118.18,112.12,113.94,25885.0,2020-12-08 20:45:00
112.73,113.94,111.52,112.73,5818.0,2020-12-09 20:45:00
113.94,113.94,109.7,110.91,11586.0,2020-12-10 20:45:00
110.91,112.12,109.7,110.91,14208.0,2020-12-13 20:45:00
112.12,115.76,110.3,112.12,7025.0,2020-12-14 20:45:00
111.52,112.12,110.3,112.12,4381.0,2020-12-15 20:45:00
110.91,113.33,109.7,112.12,7471.0,2020-12-16 20:45:00
110.91,110.91,109.7,109.7,6162.0,2020-12-17 20:45:00
108.48,109.09,106.67,106.67,6996.0,2020-12-20 20:45:00
105.45,109.09,104.24,108.48,11307.0,2020-12-21 20:45:00
107.27,109.09,106.67,108.48,12235.0,2020-12-22 20:45:00
107.88,107.88,106.06,106.67,8175.0,2020-12-23 20:45:00
106.06,107.27,104.85,104.85,3370.0,2020-12-24 20:45:00
103.64,106.06,103.64,106.06,5643.0,2020-12-27 20:45:00
104.85,106.06,103.64,104.24,4904.0,2020-12-28 20:45:00
103.64,104.24,102.42,102.42,6091.0,2020-12-29 20:45:00
101.21,104.24,101.21,103.03,5220.0,2020-12-30 20:45:00
101.82,103.64,101.21,103.64,15246.0,2020-12-31 20:45:00
104.85,106.06,101.21,104.85,6005.0,2021-01-03 20:45:00
103.64,104.24,102.42,104.24,3803.0,2021-01-04 20:45:00
103.03,110.3,103.03,110.3,23543.0,2021-01-05 20:45:00
113.33,114.55,105.45,106.67,11983.0,2021-01-06 20:45:00
105.45,110.91,105.45,109.09,6175.0,2021-01-07 20:45:00
109.09,109.09,106.67,108.48,5460.0,2021-01-10 20:45:00
109.09,109.09,106.67,108.48,6316.0,2021-01-11 20:45:00
107.27,107.88,106.06,107.88,6037.0,2021-01-12 20:45:00
106.67,109.09,106.67,108.48,4645.0,2021-01-13 20:45:00
107.27,109.09,107.27,108.48,2333.0,2021-01-17 20:45:00
107.27,109.09,107.27,107.88,3538.0,2021-01-18 20:45:00
110.91,110.91,106.06,107.88,1610.0,2021-01-19 20:45:00
106.67,109.09,106.67,109.09,14302.0,2021-01-20 20:45:00
112.12,115.76,107.27,115.15,53865.0,2021-01-21 20:45:00
115.76,120.0,110.3,115.76,34755.0,2021-01-24 20:45:00
115.76,115.76,112.12,113.94,11210.0,2021-01-25 20:45:00
112.73,113.94,111.52,112.12,8599.0,2021-01-26 20:45:00
113.33,117.58,112.12,115.15,23145.0,2021-01-27 20:45:00
113.94,116.97,112.73,113.33,15358.0,2021-01-28 20:45:00
113.33,113.33,110.3,111.52,5175.0,2021-01-31 20:45:00
110.3,115.76,109.7,112.12,5699.0,2021-02-01 20:45:00
110.91,115.76,110.91,113.94,8166.0,2021-02-02 20:45:00
110.91,115.76,110.91,113.94,8357.0,2021-02-02 20:45:00
112.73,113.94,111.52,112.12,11419.0,2021-02-03 20:45:00
115.15,115.15,111.52,113.33,9490.0,2021-02-04 20:45:00
112.73,115.76,112.12,114.55,9464.0,2021-02-07 20:45:00
113.33,114.55,111.52,112.73,17650.0,2021-02-08 20:45:00
111.52,115.15,111.52,112.73,4123.0,2021-02-09 20:45:00
112.12,113.33,110.91,111.52,7835.0,2021-02-10 20:45:00
110.91,112.12,110.91,111.52,7050.0,2021-02-11 20:45:00
110.3,112.12,110.3,111.52,7371.0,2021-02-14 20:45:00
112.12,114.55,110.91,112.73,8355.0,2021-02-15 20:45:00
112.12,112.12,110.3,110.91,5150.0,2021-02-16 20:45:00
110.3,111.52,109.7,111.52,5898.0,2021-02-17 20:45:00
110.3,113.33,110.3,110.91,8072.0,2021-02-18 20:45:00
110.91,115.76,109.7,113.94,33755.0,2021-02-21 20:45:00
113.94,116.97,113.94,114.55,26557.0,2021-02-22 20:45:00
114.55,116.36,110.91,112.12,8233.0,2021-02-23 20:45:00
113.33,114.55,111.52,112.12,11165.0,2021-02-24 20:45:00
115.76,115.76,110.91,112.12,10887.0,2021-02-25 20:45:00
112.12,112.12,109.7,110.3,9091.0,2021-02-28 20:45:00
109.09,112.12,109.09,110.3,5330.0,2021-03-01 20:45:00
110.3,112.73,108.48,109.09,14833.0,2021-03-02 20:45:00
107.88,111.52,107.88,108.48,5775.0,2021-03-03 20:45:00
107.88,111.52,107.88,111.52,5949.0,2021-03-04 20:45:00
110.3,111.52,110.3,110.91,1375.0,2021-03-07 20:45:00
109.7,113.33,109.09,110.3,3863.0,2021-03-09 20:45:00
109.7,111.52,108.48,110.3,9424.0,2021-03-10 20:45:00
109.09,111.52,109.09,110.3,5515.0,2021-03-14 20:45:00
110.3,115.76,109.09,112.73,17792.0,2021-03-15 20:45:00
116.36,120.0,112.73,120.0,107965.0,2021-03-16 20:45:00
123.64,127.88,123.64,127.88,27553.0,2021-03-17 20:45:00
132.12,135.76,121.21,121.82,48608.0,2021-03-18 20:45:00
124.24,124.24,115.76,117.58,30366.0,2021-03-21 20:45:00
118.79,118.79,115.76,116.36,10566.0,2021-03-22 20:45:00
115.15,122.42,115.15,118.79,25783.0,2021-03-23 20:45:00
118.79,121.82,116.97,116.97,18941.0,2021-03-24 20:45:00
118.18,120.61,118.18,118.79,13123.0,2021-03-25 20:45:00
118.18,120.61,116.97,118.79,7435.0,2021-03-29 20:45:00
117.58,118.79,116.36,118.18,8280.0,2021-03-30 20:45:00
118.18,118.18,116.97,118.18,6990.0,2021-03-31 20:45:00
118.18,118.79,116.97,118.18,10833.0,2021-04-01 20:45:00
118.18,118.18,116.97,116.97,10180.0,2021-04-04 20:45:00
115.76,121.21,115.76,118.18,41378.0,2021-04-05 20:45:00
118.18,125.45,117.58,125.45,43957.0,2021-04-06 20:45:00
126.67,130.3,122.42,123.03,39352.0,2021-04-07 20:45:00
124.24,125.45,121.82,123.03,9115.0,2021-04-08 20:45:00
124.24,124.24,120.61,122.42,7479.0,2021-04-12 20:45:00
121.21,124.24,120.0,122.42,9947.0,2021-04-13 20:45:00
122.42,123.64,121.21,123.03,12728.0,2021-04-15 20:45:00
124.24,130.3,120.61,127.27,48648.0,2021-04-18 20:45:00
127.27,127.27,123.03,124.85,20715.0,2021-04-19 20:45:00
124.85,124.85,123.03,124.24,6805.0,2021-04-20 20:45:00
123.64,126.06,123.64,124.24,22822.0,2021-04-21 20:45:00
127.27,127.27,123.03,124.85,12902.0,2021-04-22 20:45:00
124.85,124.85,118.79,122.42,21605.0,2021-04-25 20:45:00
123.03,123.64,118.18,118.18,13988.0,2021-04-26 20:45:00
118.18,123.64,118.18,122.42,5135.0,2021-04-27 20:45:00
123.64,123.64,118.79,120.61,10445.0,2021-04-28 20:45:00
121.82,124.24,120.61,121.82,6650.0,2021-04-29 20:45:00
123.03,124.24,120.61,122.42,5632.0,2021-05-02 20:45:00
126.06,126.06,121.21,122.42,13635.0,2021-05-03 20:45:00
121.21,127.27,120.61,126.67,39063.0,2021-05-04 20:45:00
130.91,135.15,126.06,135.15,78143.0,2021-05-05 20:45:00
139.39,144.24,139.39,144.24,121726.0,2021-05-06 20:45:00
144.85,149.7,135.76,142.42,62000.0,2021-05-09 20:45:00
142.42,142.42,136.97,138.18,19837.0,2021-05-10 20:45:00
138.18,142.42,138.18,141.21,23902.0,2021-05-11 20:45:00
141.82,150.91,140.0,150.91,67248.0,2021-05-12 20:45:00
153.94,161.82,153.94,161.82,102853.0,2021-05-13 20:45:00
164.24,166.67,152.12,158.18,82461.0,2021-05-16 20:45:00
159.39,169.09,156.36,166.06,57796.0,2021-05-17 20:45:00
163.64,178.18,163.64,178.18,44216.0,2021-05-18 20:45:00
180.61,191.52,172.12,179.39,94636.0,2021-05-19 20:45:00
181.21,181.21,167.88,173.33,47041.0,2021-05-20 20:45:00
170.91,181.21,164.85,176.97,38368.0,2021-05-23 20:45:00
178.18,179.39,171.52,173.94,35375.0,2021-05-24 20:45:00
171.52,179.39,169.7,179.39,43174.0,2021-05-25 20:45:00
178.79,193.33,176.97,193.33,90450.0,2021-05-27 20:45:00
195.76,208.48,193.94,208.48,59432.0,2021-05-30 20:45:00
208.48,214.55,196.97,199.39,103273.0,2021-05-31 20:45:00
199.39,199.39,187.88,192.73,54166.0,2021-06-01 20:45:00
200.0,200.0,187.88,196.97,71661.0,2021-06-02 20:45:00
194.55,203.03,187.88,193.94,35828.0,2021-06-03 20:45:00
193.94,193.94,179.39,187.27,60750.0,2021-06-06 20:45:00
184.85,196.97,182.42,195.76,45081.0,2021-06-07 20:45:00
196.97,203.03,195.76,198.18,64453.0,2021-06-08 20:45:00
196.97,198.18,192.12,195.15,27914.0,2021-06-09 20:45:00
195.15,196.36,190.91,210.3,135067.0,2021-06-10 20:45:00
218.79,227.27,215.15,227.27,100291.0,2021-06-13 20:45:00
228.48,246.06,224.85,246.06,151800.0,2021-06-14 20:45:00
254.55,262.42,239.39,246.67,79184.0,2021-06-15 20:45:00
246.67,246.67,226.06,226.06,41107.0,2021-06-16 20:45:00
222.42,234.55,209.09,228.48,63199.0,2021-06-17 20:45:00
232.12,232.12,209.7,217.58,33696.0,2021-06-20 20:45:00
226.06,226.06,200.0,203.64,33139.0,2021-06-21 20:45:00
203.64,220.0,197.58,220.0,43066.0,2021-06-22 20:45:00
223.03,233.33,218.18,218.79,29816.0,2021-06-23 20:45:00
217.58,230.3,211.52,218.18,17175.0,2021-06-24 20:45:00
217.58,221.21,210.91,214.55,24925.0,2021-06-27 20:45:00
223.03,223.03,206.67,209.09,17524.0,2021-06-28 20:45:00
209.09,212.73,201.82,201.82,16045.0,2021-06-29 20:45:00
198.79,207.88,192.73,203.64,24528.0,2021-06-30 20:45:00
206.67,220.0,206.67,215.76,28455.0,2021-07-01 20:45:00
218.79,218.79,206.06,209.09,16332.0,2021-07-04 20:45:00
211.52,212.12,203.03,204.24,11501.0,2021-07-05 20:45:00
203.03,204.85,198.18,198.79,12073.0,2021-07-06 20:45:00
196.97,200.61,194.55,196.97,8313.0,2021-07-07 20:45:00
193.94,211.52,192.73,206.06,24721.0,2021-07-08 20:45:00
209.09,218.18,203.03,218.18,23803.0,2021-07-11 20:45:00
218.18,221.21,206.67,212.12,41301.0,2021-07-12 20:45:00
212.12,215.15,210.3,210.91,4915.0,2021-07-13 20:45:00
212.12,213.94,209.09,212.73,8936.0,2021-07-14 20:45:00
221.21,221.21,210.91,217.58,34459.0,2021-07-15 20:45:00
217.58,223.03,216.36,218.18,21539.0,2021-07-18 20:45:00
220.61,223.03,213.94,214.85,18525.0,2021-07-19 20:45:00
214.85,221.82,212.73,218.18,21415.0,2021-07-20 20:45:00
221.21,230.36,221.21,229.09,103641.0,2021-07-22 20:45:00
232.85,248.06,232.85,248.06,121549.0,2021-07-25 20:45:00
252.18,266.06,247.88,250.3,74092.0,2021-07-26 20:45:00
250.3,271.39,244.3,271.39,85267.0,2021-07-27 20:45:00
271.39,287.88,259.21,266.67,75310.0,2021-07-28 20:45:00
262.42,262.42,249.39,258.18,66293.0,2021-07-29 20:45:00
258.18,270.91,249.7,269.09,61325.0,2021-08-01 20:45:00
269.7,286.67,266.67,278.18,78216.0,2021-08-02 20:45:00
280.0,301.21,266.67,291.52,83219.0,2021-08-03 20:45:00
296.36,311.82,287.27,306.06,88530.0,2021-08-04 20:45:00
311.39,326.67,293.7,294.55,82476.0,2021-08-05 20:45:00
299.39,315.15,285.45,300.0,65135.0,2021-08-08 20:45:00
300.06,310.3,297.58,304.85,73028.0,2021-08-09 20:45:00
309.7,309.7,289.7,295.09,74509.0,2021-08-10 20:45:00
294.55,302.42,285.45,296.91,36179.0,2021-08-11 20:45:00
296.91,296.97,288.48,291.52,35462.0,2021-08-12 20:45:00
291.52,291.52,268.06,284.85,36600.0,2021-08-15 20:45:00
280.61,303.03,280.61,294.55,37057.0,2021-08-16 20:45:00
294.55,320.06,294.55,320.06,96293.0,2021-08-17 20:45:00
320.0,346.67,315.15,325.45,106947.0,2021-08-18 20:45:00
321.21,324.24,303.03,310.91,45470.0,2021-08-19 20:45:00
305.52,305.52,283.76,283.76,23190.0,2021-08-24 20:45:00
284.24,287.88,259.33,279.39,33947.0,2021-08-25 20:45:00
281.82,300.0,279.39,298.18,29243.0,2021-08-26 20:45:00
299.39,315.76,287.27,298.79,29904.0,2021-08-29 20:45:00
298.18,298.18,278.18,287.88,15583.0,2021-08-31 20:45:00
287.88,302.42,279.39,287.88,17153.0,2021-09-01 20:45:00
288.48,290.91,275.76,278.79,17926.0,2021-09-02 20:45:00
274.0,275.76,254.85,263.64,26106.0,2021-09-05 20:45:00
268.12,286.06,259.58,286.06,16911.0,2021-09-06 20:45:00
290.91,296.97,284.12,284.24,16096.0,2021-09-07 20:45:00
284.24,284.24,274.0,275.76,7595.0,2021-09-08 20:45:00
280.48,283.03,275.15,278.85,8995.0,2021-09-09 20:45:00
283.64,296.97,283.64,289.76,19241.0,2021-09-12 20:45:00
290.91,300.0,281.15,287.27,17781.0,2021-09-13 20:45:00
284.85,287.88,280.0,282.42,5347.0,2021-09-14 20:45:00
287.27,291.52,278.79,280.55,5539.0,2021-09-15 20:45:00
275.76,275.76,267.27,271.52,15052.0,2021-09-16 20:45:00
271.52,271.52,248.3,248.48,15790.0,2021-09-20 20:45:00
245.45,266.67,236.24,254.55,13561.0,2021-09-21 20:45:00
258.85,274.3,258.85,274.3,10887.0,2021-09-22 20:45:00
278.79,279.39,263.64,266.06,10139.0,2021-09-23 20:45:00
266.67,266.67,250.3,252.24,5671.0,2021-09-26 20:45:00
256.48,258.79,241.21,241.82,12072.0,2021-09-27 20:45:00
238.18,238.18,221.76,221.82,20458.0,2021-09-28 20:45:00
224.18,237.58,221.21,237.58,12139.0,2021-09-29 20:45:00
241.21,244.85,230.3,232.18,5310.0,2021-09-30 20:45:00
230.3,230.3,220.55,220.61,7236.0,2021-10-03 20:45:00
217.03,223.64,209.09,216.97,5607.0,2021-10-04 20:45:00
213.45,228.48,213.45,223.03,5511.0,2021-10-05 20:45:00
226.67,231.82,223.64,228.48,5949.0,2021-10-06 20:45:00
230.3,237.82,222.36,223.03,4922.0,2021-10-10 20:45:00
219.39,226.06,219.39,224.24,2985.0,2021-10-11 20:45:00
227.94,227.94,218.48,224.18,860.0,2021-10-17 20:45:00
221.82,221.82,218.18,218.79,2995.0,2021-10-18 20:45:00
215.21,215.21,205.33,212.73,5034.0,2021-10-19 20:45:00
212.73,223.64,212.73,220.97,2701.0,2021-10-20 20:45:00
224.55,228.24,210.3,210.3,5501.0,2021-10-21 20:45:00
210.3,219.27,210.3,218.67,3687.0,2021-10-24 20:45:00
216.97,236.55,216.97,236.36,10307.0,2021-10-25 20:45:00
240.3,255.76,240.3,255.15,12686.0,2021-10-26 20:45:00
259.45,259.7,244.85,254.55,11419.0,2021-10-27 20:45:00
251.52,257.58,246.67,255.15,10011.0,2021-10-28 20:45:00
259.45,272.73,251.52,271.52,10451.0,2021-10-31 20:45:00
275.76,276.12,260.61,267.27,13710.0,2021-11-01 20:45:00
263.03,269.7,256.36,269.09,6717.0,2021-11-02 20:45:00
266.67,270.3,260.18,266.06,8132.0,2021-11-03 20:45:00
270.3,270.3,256.36,256.36,10479.0,2021-11-08 20:45:00
256.97,256.97,241.21,247.27,5557.0,2021-11-09 20:45:00
245.45,253.7,236.97,238.36,9054.0,2021-11-11 20:45:00
234.61,252.73,230.97,246.67,6886.0,2021-11-14 20:45:00
250.79,255.76,243.33,248.61,10782.0,2021-11-15 20:45:00
252.79,268.12,249.09,263.03,12311.0,2021-11-16 20:45:00
267.45,285.39,267.45,278.79,44975.0,2021-11-17 20:45:00
283.03,283.03,275.76,278.79,39109.0,2021-11-18 20:45:00
274.0,283.58,269.33,276.97,19509.0,2021-11-21 20:45:00
272.73,281.21,272.73,273.09,11660.0,2021-11-22 20:45:00
273.33,273.33,255.15,264.24,16615.0,2021-11-23 20:45:00
259.76,279.82,255.52,275.15,15450.0,2021-11-24 20:45:00
278.79,291.58,275.21,284.24,56949.0,2021-11-25 20:45:00
279.39,283.64,263.64,266.67,25735.0,2021-11-28 20:45:00
266.67,280.67,262.42,267.27,12218.0,2021-11-29 20:45:00
271.82,275.76,263.64,273.33,5774.0,2021-11-30 20:45:00
278.0,278.79,268.18,268.18,6957.0,2021-12-01 20:45:00
263.7,276.36,256.42,269.7,8487.0,2021-12-02 20:45:00
265.09,271.52,253.33,260.61,17687.0,2021-12-05 20:45:00
256.18,266.67,239.39,266.67,7883.0,2021-12-06 20:45:00
270.91,272.73,254.61,257.52,6528.0,2021-12-07 20:45:00
253.21,256.36,239.39,256.36,15150.0,2021-12-08 20:45:00
252.12,256.36,234.67,251.09,21283.0,2021-12-09 20:45:00
250.3,250.3,232.12,232.12,12396.0,2021-12-12 20:45:00
230.3,230.3,212.85,219.94,18829.0,2021-12-13 20:45:00
221.88,234.24,221.88,233.45,10602.0,2021-12-14 20:45:00
237.33,249.7,233.94,233.94,20258.0,2021-12-15 20:45:00
230.06,233.76,223.58,223.64,4620.0,2021-12-16 20:45:00
220.0,227.21,216.97,225.45,4938.0,2021-12-20 20:45:00
225.45,234.48,223.64,234.48,1460.0,2021-12-21 20:45:00
234.48,241.82,233.33,239.39,16423.0,2021-12-22 20:45:00
239.33,253.94,235.82,241.21,22618.0,2021-12-23 20:45:00
237.21,245.45,233.94,238.18,58403.0,2021-12-26 20:45:00
238.3,250.24,220.0,221.21,310912.0,2021-12-27 20:45:00
222.42,232.24,220.55,227.27,177049.0,2021-12-28 20:45:00
230.91,230.91,221.21,223.03,53763.0,2021-12-29 20:45:00
223.64,224.85,220.0,222.36,39788.0,2022-01-02 20:45:00
224.85,226.0,218.79,219.82,48659.0,2022-01-03 20:45:00
218.79,222.42,216.97,220.0,72353.0,2022-01-04 20:45:00
221.21,229.09,218.18,221.27,145275.0,2022-01-05 20:45:00
220.0,225.45,218.18,224.85,73855.0,2022-01-06 20:45:00
228.55,233.27,224.85,232.73,166162.0,2022-01-09 20:45:00
236.55,249.7,233.94,245.45,189534.0,2022-01-10 20:45:00
248.48,250.91,239.39,249.09,83335.0,2022-01-11 20:45:00
245.45,250.79,237.03,237.58,199335.0,2022-01-12 20:45:00
236.36,244.24,232.73,243.64,143123.0,2022-01-13 20:45:00
243.64,255.76,243.64,249.7,175513.0,2022-01-16 20:45:00
250.91,258.79,241.82,252.42,282297.0,2022-01-17 20:45:00
256.3,256.36,242.42,244.85,84475.0,2022-01-18 20:45:00
248.48,248.48,237.58,238.18,69806.0,2022-01-19 20:45:00
236.36,245.76,234.55,245.76,58680.0,2022-01-20 20:45:00
247.88,252.73,237.58,241.82,103309.0,2022-01-23 20:45:00
241.82,241.82,230.36,232.12,110505.0,2022-01-24 20:45:00
228.48,239.03,228.48,230.91,42461.0,2022-01-25 20:45:00
233.94,233.94,224.48,227.27,69071.0,2022-01-26 20:45:00
224.85,230.91,224.85,227.88,49547.0,2022-01-27 20:45:00
231.64,242.42,231.64,240.61,75791.0,2022-01-30 20:45:00
244.24,246.36,235.82,236.36,37150.0,2022-01-31 20:45:00
236.97,243.39,233.33,242.42,61821.0,2022-02-01 20:45:00
246.48,251.39,241.33,241.82,132280.0,2022-02-03 20:45:00
241.76,241.82,235.15,236.36,39117.0,2022-02-06 20:45:00
233.33,240.91,232.79,238.18,25855.0,2022-02-07 20:45:00
242.12,249.09,234.55,235.15,58928.0,2022-02-08 20:45:00
231.52,236.06,231.52,233.33,29313.0,2022-02-09 20:45:00
236.3,236.36,232.12,232.73,28171.0,2022-02-10 20:45:00
228.91,231.52,221.82,226.06,40169.0,2022-02-13 20:45:00
229.09,231.52,226.67,227.88,27791.0,2022-02-14 20:45:00
231.45,238.18,227.27,236.97,27257.0,2022-02-15 20:45:00
240.61,240.61,228.48,230.36,22136.0,2022-02-16 20:45:00
233.94,233.94,225.33,230.91,40947.0,2022-02-17 20:45:00
230.91,235.76,223.39,229.15,33179.0,2022-02-20 20:45:00
232.91,234.12,228.48,231.82,17800.0,2022-02-21 20:45:00
234.24,238.18,231.52,234.55,43113.0,2022-02-22 20:45:00
234.97,251.7,234.97,243.64,151058.0,2022-02-23 20:45:00
247.27,247.88,235.15,236.67,79358.0,2022-02-24 20:45:00
236.67,244.24,235.15,238.79,73093.0,2022-02-27 20:45:00
242.73,246.67,230.3,230.67,51646.0,2022-02-28 20:45:00
230.3,230.3,224.24,224.85,34565.0,2022-03-02 20:45:00
228.55,232.12,221.21,224.85,18976.0,2022-03-06 20:45:00
228.48,229.09,220.61,220.61,28202.0,2022-03-07 20:45:00
221.21,228.48,212.36,213.33,33999.0,2022-03-09 20:45:00
216.36,225.45,212.12,224.85,25613.0,2022-03-10 20:45:00
228.55,233.33,226.06,233.33,31535.0,2022-03-13 20:45:00
233.33,233.33,227.27,230.3,9293.0,2022-03-14 20:45:00
227.27,230.0,224.91,227.27,24791.0,2022-03-15 20:45:00
226.67,227.27,223.03,224.24,19173.0,2022-03-16 20:45:00
224.24,226.67,220.67,220.67,13906.0,2022-03-20 20:45:00
224.24,228.55,221.21,227.82,12952.0,2022-03-21 20:45:00
227.27,229.7,227.27,227.27,19019.0,2022-03-22 20:45:00
226.06,226.06,220.61,221.21,94183.0,2022-03-23 20:45:00
221.21,223.52,218.79,218.85,27762.0,2022-03-24 20:45:00
218.85,221.21,213.94,213.94,23885.0,2022-03-27 20:45:00
212.3,220.48,210.73,210.73,34653.0,2022-03-28 20:45:00
214.12,215.15,208.12,209.45,12762.0,2022-03-29 20:45:00
212.85,215.15,211.09,214.55,23642.0,2022-03-30 20:45:00
215.76,215.76,207.88,209.09,23641.0,2022-03-31 20:45:00
210.3,210.91,205.7,208.55,14338.0,2022-04-03 20:45:00
211.27,212.06,205.76,207.88,16259.0,2022-04-04 20:45:00
206.06,209.09,200.0,201.21,20333.0,2022-04-05 20:45:00
200.0,206.3,197.58,203.03,16059.0,2022-04-06 20:45:00
206.06,206.06,199.39,203.64,20753.0,2022-04-07 20:45:00
206.91,207.27,195.27,198.18,30525.0,2022-04-11 20:45:00
195.15,196.97,192.06,195.15,18290.0,2022-04-12 20:45:00
193.94,198.18,190.91,196.55,14176.0,2022-04-13 20:45:00
196.97,200.12,188.48,190.91,13012.0,2022-04-17 20:45:00
189.7,189.7,183.64,184.85,16705.0,2022-04-18 20:45:00
184.85,188.3,177.76,184.85,15115.0,2022-04-19 20:45:00
182.48,184.85,177.58,178.18,9343.0,2022-04-20 20:45:00
175.45,178.79,169.7,178.18,21037.0,2022-04-21 20:45:00
180.91,192.06,178.18,190.91,23803.0,2022-04-24 20:45:00
192.73,196.91,184.85,185.45,35154.0,2022-04-25 20:45:00
185.45,190.18,183.15,184.79,14226.0,2022-04-26 20:45:00
182.48,187.27,181.21,187.27,10970.0,2022-04-27 20:45:00
187.88,187.88,182.24,183.03,16869.0,2022-04-28 20:45:00
181.21,181.82,174.55,177.58,14365.0,2022-05-02 20:45:00
177.58,177.58,170.91,173.64,11718.0,2022-05-04 20:45:00
171.03,174.0,166.12,167.27,17149.0,2022-05-05 20:45:00
166.61,178.18,160.61,175.15,22197.0,2022-05-08 20:45:00
175.15,177.58,172.12,174.85,19238.0,2022-05-09 20:45:00
176.97,185.45,172.73,183.64,27204.0,2022-05-10 20:45:00
184.85,196.36,178.42,193.33,32255.0,2022-05-11 20:45:00
195.76,198.79,187.27,187.88,26443.0,2022-05-12 20:45:00
185.45,187.27,176.97,179.88,19823.0,2022-05-17 20:45:00
181.82,190.3,173.33,186.06,15333.0,2022-05-18 20:45:00
186.06,189.09,180.61,183.39,7272.0,2022-05-19 20:45:00
180.67,183.64,178.42,178.79,10463.0,2022-05-20 20:45:00
176.36,178.79,173.94,175.15,12312.0,2022-05-23 20:45:00
173.45,182.97,172.55,178.79,8345.0,2022-05-24 20:45:00
181.21,181.82,178.79,179.33,8836.0,2022-05-25 20:45:00
181.76,182.12,177.88,179.39,8147.0,2022-05-26 20:45:00
178.79,178.79,175.76,176.67,8270.0,2022-05-27 20:45:00
179.39,179.39,172.73,173.33,8300.0,2022-05-30 20:45:00
171.03,175.76,170.3,173.33,6786.0,2022-05-31 20:45:00
170.91,176.36,170.91,174.18,9022.0,2022-06-01 20:45:00
173.94,176.85,173.94,175.64,5482.0,2022-06-02 20:45:00
175.15,175.15,172.12,173.33,8575.0,2022-06-03 20:45:00
175.94,176.61,172.73,172.79,5827.0,2022-06-06 20:45:00
172.24,172.73,169.7,169.7,8040.0,2022-06-07 20:45:00
168.48,177.58,167.27,175.76,15537.0,2022-06-08 20:45:00
178.48,180.61,171.09,173.58,5494.0,2022-06-09 20:45:00
170.91,173.52,170.91,170.91,2100.0,2022-06-10 20:45:00
169.7,176.18,168.48,169.7,4047.0,2022-06-13 20:45:00
169.09,169.7,165.45,166.67,6378.0,2022-06-14 20:45:00
164.24,164.24,160.0,160.61,9529.0,2022-06-15 20:45:00
159.39,169.09,159.39,161.82,6592.0,2022-06-16 20:45:00
163.03,164.24,161.82,163.64,2643.0,2022-06-17 20:45:00
162.42,162.42,157.76,158.18,6559.0,2022-06-19 20:45:00
156.97,156.97,149.7,151.52,16280.0,2022-06-20 20:45:00
149.33,158.0,149.33,154.55,13428.0,2022-06-21 20:45:00
156.36,156.36,150.3,152.12,2610.0,2022-06-22 20:45:00
153.33,153.94,141.27,143.03,13972.0,2022-06-23 20:45:00
142.42,148.48,139.27,144.18,8911.0,2022-06-24 20:45:00
146.06,154.61,146.06,154.61,25115.0,2022-06-26 20:45:00
156.91,161.82,154.55,154.55,32611.0,2022-06-27 20:45:00
154.55,154.55,151.52,152.73,6445.0,2022-06-28 20:45:00
154.55,159.09,152.12,156.97,13883.0,2022-06-29 20:45:00
157.58,165.45,157.58,163.03,27936.0,2022-06-30 20:45:00
160.61,169.09,158.18,163.64,14950.0,2022-07-01 20:45:00
165.45,171.52,161.88,169.7,15637.0,2022-07-03 20:45:00
171.52,178.18,165.45,169.7,38932.0,2022-07-04 20:45:00
169.7,172.67,162.42,162.42,20120.0,2022-07-05 20:45:00
162.42,167.27,160.0,166.67,19748.0,2022-07-06 20:45:00
169.21,170.3,166.06,166.06,7940.0,2022-07-07 20:45:00
163.64,163.64,161.33,162.42,8783.0,2022-07-08 20:45:00
160.0,160.0,153.94,155.7,13652.0,2022-07-11 20:45:00
155.15,161.7,154.55,156.97,18121.0,2022-07-12 20:45:00
159.27,168.48,159.27,165.45,11675.0,2022-07-13 20:45:00
167.88,167.88,160.0,165.45,8192.0,2022-07-14 20:45:00
163.64,165.39,160.67,162.42,5882.0,2022-07-15 20:45:00
162.42,163.64,160.61,160.67,3947.0,2022-07-17 20:45:00
160.67,163.64,160.67,163.03,8385.0,2022-07-18 20:45:00
160.61,166.67,160.61,162.06,11039.0,2022-07-19 20:45:00
162.48,166.67,162.48,164.24,11202.0,2022-07-20 20:45:00
163.64,163.64,161.21,162.06,11312.0,2022-07-21 20:45:00
161.21,161.21,159.39,159.39,8415.0,2022-07-22 20:45:00
161.76,165.45,160.61,165.45,15083.0,2022-07-24 20:45:00
167.88,174.18,166.67,173.94,38499.0,2022-07-25 20:45:00
173.94,176.97,167.7,170.18,28832.0,2022-07-26 20:45:00
169.09,176.67,164.73,176.36,54983.0,2022-07-27 20:45:00
178.79,184.85,175.45,181.21,66178.0,2022-07-28 20:45:00
178.79,182.97,177.58,177.58,7946.0,2022-07-29 20:45:00
180.0,183.33,178.79,180.61,46261.0,2022-07-31 20:45:00
182.42,183.82,176.36,176.36,46431.0,2022-08-01 20:45:00
178.18,185.27,177.58,183.03,52540.0,2022-08-02 20:45:00
185.88,189.09,184.24,186.36,36268.0,2022-08-03 20:45:00
186.06,191.52,183.21,188.18,125187.0,2022-08-04 20:45:00
187.88,199.33,187.88,196.97,144288.0,2022-08-05 20:45:00
197.58,201.82,191.52,193.88,33204.0,2022-08-07 20:45:00
193.94,196.36,189.7,190.3,26803.0,2022-08-08 20:45:00
187.33,188.48,180.0,181.82,35254.0,2022-08-09 20:45:00
178.97,187.88,178.97,184.12,23536.0,2022-08-10 20:45:00
181.27,187.76,180.0,180.0,7963.0,2022-08-11 20:45:00
180.61,181.82,173.33,173.94,11316.0,2022-08-14 20:45:00
175.76,183.64,172.73,183.64,25356.0,2022-08-15 20:45:00
186.48,186.67,173.94,175.76,32695.0,2022-08-16 20:45:00
175.76,181.21,174.91,175.88,8975.0,2022-08-17 20:45:00
178.61,182.42,176.36,181.21,18619.0,2022-08-18 20:45:00
184.0,184.0,176.67,178.18,17124.0,2022-08-21 20:45:00
175.76,180.0,174.85,176.36,13873.0,2022-08-22 20:45:00
176.42,179.09,175.15,177.58,15135.0,2022-08-23 20:45:00
178.79,180.0,176.0,176.42,7055.0,2022-08-24 20:45:00
179.15,179.39,172.73,172.73,15934.0,2022-08-25 20:45:00
170.91,173.52,168.48,170.3,16911.0,2022-08-26 20:45:00
171.52,171.52,165.33,166.42,12904.0,2022-08-28 20:45:00
163.94,168.48,163.94,166.67,10854.0,2022-08-29 20:45:00
168.36,170.91,164.24,165.45,4890.0,2022-08-30 20:45:00
164.12,165.45,161.94,162.42,4764.0,2022-08-31 20:45:00
164.85,166.12,161.21,164.85,9581.0,2022-09-01 20:33:00
167.27,167.27,163.64,164.85,2005.0,2022-09-02 20:45:00
162.48,175.03,162.48,175.03,5500.0,2022-09-04 20:45:00
173.94,173.94,167.94,170.91,9441.0,2022-09-05 20:45:00
173.27,173.27,163.03,163.64,8504.0,2022-09-06 20:45:00
166.06,166.06,161.88,164.85,5453.0,2022-09-07 20:45:00
164.24,167.88,162.42,166.67,9743.0,2022-09-08 20:45:00
164.85,167.27,163.7,163.7,4683.0,2022-09-11 20:45:00
164.24,164.85,161.82,164.85,6780.0,2022-09-12 20:45:00
167.27,169.09,164.85,165.45,5084.0,2022-09-13 20:45:00
166.67,171.39,166.67,170.91,13188.0,2022-09-14 20:45:00
172.67,172.67,161.21,163.64,43650.0,2022-09-15 20:45:00
162.42,165.39,157.58,161.27,9775.0,2022-09-16 20:45:00
160.0,161.82,154.55,154.55,14479.0,2022-09-18 20:45:00
152.73,152.73,147.27,150.91,20111.0,2022-09-20 20:45:00
153.09,155.27,150.91,151.52,10597.0,2022-09-21 20:45:00
150.3,152.48,148.48,148.48,8175.0,2022-09-22 20:45:00
148.48,152.48,146.36,150.67,19132.0,2022-09-25 20:45:00
152.85,153.33,148.36,149.27,7886.0,2022-09-27 20:45:00
149.09,151.21,149.09,150.91,2021.0,2022-09-28 20:45:00
151.52,151.52,148.48,150.24,7315.0,2022-09-29 20:45:00
152.42,153.94,150.3,151.88,5435.0,2022-10-09 20:45:00
151.52,153.94,148.73,149.7,7255.0,2022-10-10 20:45:00
151.52,151.52,147.58,147.76,3322.0,2022-10-11 20:45:00
148.48,152.73,148.48,152.73,7907.0,2022-10-12 20:45:00
151.52,154.55,149.82,150.3,4760.0,2022-10-13 20:45:00
149.45,151.52,147.76,150.67,8772.0,2022-10-16 20:45:00
150.3,152.85,148.42,148.42,2740.0,2022-10-17 20:45:00
146.73,148.18,145.45,145.45,5620.0,2022-10-19 20:45:00
143.64,144.24,142.42,143.03,1828.0,2022-10-20 20:45:00
143.03,146.3,142.42,143.09,2450.0,2022-10-23 20:45:00
141.21,146.67,141.21,143.64,3025.0,2022-10-31 20:45:00
143.64,152.06,143.64,152.06,15451.0,2022-11-01 20:45:00
152.12,158.79,150.48,158.79,22978.0,2022-11-02 20:45:00
157.58,158.79,154.55,156.85,10510.0,2022-11-03 20:45:00
154.55,161.82,154.55,161.82,11769.0,2022-11-06 20:45:00
161.82,164.18,158.79,159.39,20850.0,2022-11-07 20:45:00
157.64,161.76,155.76,158.18,32266.0,2022-11-08 20:45:00
160.55,161.21,151.7,151.82,10395.0,2022-11-09 20:45:00
151.76,153.94,147.27,147.94,12103.0,2022-11-10 20:45:00
147.88,149.7,146.06,146.36,3040.0,2022-11-13 20:45:00
146.36,150.42,144.24,149.7,6539.0,2022-11-14 20:45:00
151.52,153.27,147.27,147.27,8185.0,2022-11-15 20:45:00
148.48,150.3,148.12,148.48,6160.0,2022-11-16 20:45:00
150.67,156.3,149.7,154.36,12945.0,2022-11-17 20:45:00
156.36,157.88,149.27,151.45,13110.0,2022-11-22 20:45:00
151.52,156.0,149.7,155.76,8370.0,2022-11-23 20:45:00
156.36,158.06,152.85,155.76,14576.0,2022-11-24 20:45:00
157.58,158.18,154.55,156.97,8633.0,2022-11-27 20:45:00
158.79,161.21,152.91,154.55,18692.0,2022-11-28 20:45:00
154.55,158.79,154.55,158.79,8209.0,2022-11-29 20:45:00
156.48,157.58,155.15,157.27,782.0,2022-11-30 20:45:00
156.97,157.58,155.76,156.48,3305.0,2022-12-01 20:45:00
156.97,158.18,154.55,154.55,4579.0,2022-12-04 20:45:00
154.55,154.55,150.91,151.52,6574.0,2022-12-05 20:45:00
149.7,152.85,149.7,152.73,6629.0,2022-12-06 20:45:00
154.55,156.91,148.48,150.61,21469.0,2022-12-07 20:45:00
150.3,152.48,148.48,148.48,8521.0,2022-12-11 20:45:00
150.3,153.33,147.45,153.33,9987.0,2022-12-12 20:45:00
151.52,155.15,151.52,153.76,3076.0,2022-12-13 20:45:00
155.76,155.76,151.52,153.94,10191.0,2022-12-14 20:45:00
152.73,152.73,150.3,151.52,5962.0,2022-12-15 20:45:00
149.7,151.52,147.88,151.45,5874.0,2022-12-18 20:45:00
150.91,151.52,149.7,151.52,2236.0,2022-12-19 20:45:00
151.52,152.73,149.7,150.91,2035.0,2022-12-20 20:45:00
149.21,151.52,149.21,151.52,5286.0,2022-12-21 20:45:00
149.88,152.12,147.76,149.09,6453.0,2022-12-22 20:45:00
151.27,157.58,149.76,157.58,11829.0,2022-12-26 20:45:00
159.94,162.3,155.76,158.18,49311.0,2022-12-27 20:45:00
157.7,161.76,156.36,156.36,20504.0,2022-12-28 20:45:00
157.58,164.24,156.36,163.64,27481.0,2022-12-29 20:45:00
166.06,166.61,160.0,163.03,28988.0,2023-01-01 20:45:00
160.61,167.27,160.61,163.64,49870.0,2023-01-02 20:45:00
163.64,171.52,161.82,162.42,28213.0,2023-01-03 20:45:00
164.85,168.61,162.48,167.88,32201.0,2023-01-04 20:45:00
170.0,172.55,166.06,169.82,36430.0,2023-01-05 20:45:00
172.12,180.61,167.27,172.12,50354.0,2023-01-08 20:45:00
174.55,185.39,173.94,185.39,82662.0,2023-01-09 20:45:00
188.24,199.39,184.24,186.67,122414.0,2023-01-10 20:45:00
189.58,196.97,183.7,185.45,103369.0,2023-01-12 20:45:00
187.27,200.06,185.03,196.97,62583.0,2023-01-17 20:45:00
194.0,205.76,194.0,196.97,84221.0,2023-01-18 20:45:00
200.12,200.12,190.91,195.15,27299.0,2023-01-19 20:45:00
195.15,198.79,188.48,188.48,41068.0,2023-01-23 20:45:00
186.06,192.12,181.82,190.85,23414.0,2023-01-24 20:45:00
187.88,199.88,187.88,192.12,14736.0,2023-01-25 20:45:00
194.85,195.76,190.36,192.73,33127.0,2023-01-26 20:45:00
190.91,204.24,189.7,199.33,122581.0,2023-01-29 20:45:00
200.0,202.42,194.55,199.39,53331.0,2023-01-30 20:45:00
199.39,203.03,193.33,199.39,71436.0,2023-01-31 20:45:00
202.55,202.55,196.18,200.61,57368.0,2023-02-01 20:45:00
203.82,203.82,194.0,196.97,24282.0,2023-02-02 20:45:00
200.12,201.82,195.58,199.33,32775.0,2023-02-05 20:45:00
196.18,203.03,193.33,203.03,46126.0,2023-02-06 20:45:00
200.0,218.18,200.0,217.27,149525.0,2023-02-07 20:45:00
217.58,227.27,217.58,221.21,135456.0,2023-02-08 20:45:00
221.21,232.12,218.85,231.45,105628.0,2023-02-09 20:45:00
227.64,227.64,218.18,220.0,189079.0,2023-02-12 20:45:00
223.58,223.58,214.06,220.0,71120.0,2023-02-14 20:45:00
216.42,219.94,212.91,216.3,39802.0,2023-02-15 20:45:00
213.33,218.12,208.06,210.91,65425.0,2023-02-16 20:45:00
207.88,215.21,206.97,209.09,29596.0,2023-02-20 20:45:00
209.09,219.7,209.09,217.58,43919.0,2023-02-22 20:45:00
214.06,214.06,207.27,210.91,55807.0,2023-02-23 20:45:00
207.52,209.39,201.58,209.09,92904.0,2023-02-26 20:45:00
210.91,213.03,199.39,206.06,74714.0,2023-02-27 20:45:00
208.42,213.33,204.3,206.06,21985.0,2023-02-28 20:45:00
209.33,209.7,201.94,204.85,11612.0,2023-03-01 20:45:00
201.58,202.42,196.97,198.42,22250.0,2023-03-02 20:45:00
196.42,196.97,190.91,191.03,24594.0,2023-03-05 20:45:00
189.7,199.52,189.7,196.79,29831.0,2023-03-07 20:45:00
199.88,209.09,199.88,208.48,49487.0,2023-03-09 20:45:00
211.45,211.52,201.09,206.06,51487.0,2023-03-12 20:45:00
206.06,206.06,200.06,205.03,13398.0,2023-03-13 20:45:00
206.06,207.82,201.94,207.09,38274.0,2023-03-14 20:45:00
207.88,207.88,201.82,204.79,17206.0,2023-03-15 20:45:00
201.58,209.64,198.85,209.64,29642.0,2023-03-16 20:45:00
206.24,212.12,203.03,208.42,30992.0,2023-03-19 20:45:00
205.09,208.48,205.09,207.27,26124.0,2023-03-20 20:45:00
209.7,209.7,203.09,204.85,13725.0,2023-03-22 20:45:00
201.58,203.64,200.3,202.97,14591.0,2023-03-23 20:45:00
203.64,206.0,197.03,202.42,9952.0,2023-03-26 20:45:00
199.21,205.45,197.09,205.33,14030.0,2023-03-27 20:45:00
208.61,208.97,203.03,205.45,26831.0,2023-03-28 20:45:00
208.42,208.42,200.61,204.24,12167.0,2023-03-29 20:45:00
201.27,206.06,200.0,200.0,15946.0,2023-03-30 20:45:00
200.0,206.06,195.21,196.97,17080.0,2023-04-02 20:45:00
193.94,197.52,193.94,196.97,7975.0,2023-04-03 20:45:00
200.0,200.0,193.82,194.55,9719.0,2023-04-04 20:45:00
191.52,198.18,191.52,196.85,13438.0,2023-04-05 20:45:00
196.97,197.52,192.24,196.36,13038.0,2023-04-06 20:45:00
193.39,196.36,191.52,193.94,9924.0,2023-04-09 20:45:00
190.97,195.15,190.91,193.88,13529.0,2023-04-10 20:45:00
196.91,201.82,192.73,201.82,17472.0,2023-04-11 20:45:00
204.85,213.64,200.61,211.52,47248.0,2023-04-12 20:45:00
214.55,214.55,205.15,206.06,33942.0,2023-04-13 20:45:00
203.03,212.73,203.03,204.97,22889.0,2023-04-16 20:45:00
203.03,206.0,201.7,204.73,20082.0,2023-04-17 20:45:00
202.42,214.73,200.91,214.73,14216.0,2023-04-18 20:45:00
218.18,218.18,204.55,210.3,49543.0,2023-04-19 20:45:00
208.48,211.52,206.67,210.61,39199.0,2023-04-20 20:45:00
207.88,207.88,204.12,207.27,23843.0,2023-04-23 20:45:00
203.94,207.27,202.48,206.06,15932.0,2023-04-24 20:45:00
202.73,209.09,199.52,207.88,11310.0,2023-04-25 20:45:00
204.55,211.21,203.21,208.48,32830.0,2023-04-26 20:45:00
205.15,207.27,201.88,205.15,20942.0,2023-04-27 20:45:00
201.88,204.85,199.39,202.42,11698.0,2023-04-30 20:45:00
202.42,203.82,196.97,199.27,8676.0,2023-05-02 20:45:00
196.12,200.0,194.06,196.97,9491.0,2023-05-03 20:45:00
194.0,200.0,194.0,199.39,14814.0,2023-05-04 20:45:00
196.24,198.48,193.15,196.73,14030.0,2023-05-07 20:45:00
193.94,203.09,190.91,193.27,18750.0,2023-05-08 20:45:00
191.03,201.33,191.03,195.76,10188.0,2023-05-09 20:45:00
192.67,198.79,192.67,195.76,11593.0,2023-05-10 20:45:00
192.67,195.7,190.97,194.24,11327.0,2023-05-11 20:45:00
197.33,198.48,189.7,193.52,9541.0,2023-05-14 20:45:00
196.36,196.36,187.94,193.27,4929.0,2023-05-15 20:45:00
190.91,195.15,190.3,193.76,3820.0,2023-05-16 20:45:00
190.91,199.39,190.91,198.79,16858.0,2023-05-17 20:45:00
201.94,206.06,194.0,204.79,30598.0,2023-05-18 20:45:00
201.52,206.67,198.3,200.06,30187.0,2023-05-21 20:45:00
196.97,204.24,196.97,201.21,15392.0,2023-05-22 20:45:00
198.48,210.55,198.48,207.88,48359.0,2023-05-23 20:45:00
207.88,210.0,204.91,206.06,44404.0,2023-05-24 20:45:00
204.24,209.03,201.21,202.42,22914.0,2023-05-28 20:45:00
200.0,208.85,195.82,208.85,39003.0,2023-05-30 20:45:00
205.52,205.58,193.33,201.82,26890.0,2023-05-31 20:45:00
198.61,213.09,196.97,213.09,37135.0,2023-06-01 20:45:00
209.64,216.79,202.91,216.79,105416.0,2023-06-04 20:45:00
213.27,216.91,208.67,209.09,52917.0,2023-06-05 20:45:00
206.06,212.06,206.06,211.52,18103.0,2023-06-06 20:45:00
208.12,214.85,208.12,208.18,33767.0,2023-06-07 20:45:00
204.85,208.12,203.03,203.03,25168.0,2023-06-08 20:45:00
206.3,209.39,204.3,208.97,39031.0,2023-06-11 20:45:00
209.09,209.09,204.97,207.88,25716.0,2023-06-12 20:45:00
211.21,211.21,203.03,209.09,38747.0,2023-06-13 20:45:00
205.7,210.48,203.03,208.48,56009.0,2023-06-14 20:45:00
205.15,211.52,200.0,210.3,84737.0,2023-06-15 20:45:00
211.39,218.79,209.52,217.94,100866.0,2023-06-18 20:45:00
215.15,220.55,212.12,212.73,42477.0,2023-06-19 20:45:00
209.7,213.94,205.15,209.09,33370.0,2023-06-20 20:45:00
205.7,210.0,203.03,205.39,36596.0,2023-06-21 20:45:00
203.64,206.3,199.94,200.3,42583.0,2023-06-22 20:45:00
200.0,205.39,197.58,205.39,39476.0,2023-06-25 20:45:00
202.12,209.09,196.36,203.03,25713.0,2023-06-26 20:45:00
203.03,215.76,202.42,215.76,37237.0,2023-06-27 20:45:00
215.76,215.76,205.45,206.18,59395.0,2023-06-28 20:45:00
203.03,205.45,198.3,201.21,21598.0,2023-07-02 20:45:00
198.0,204.85,195.15,199.39,32832.0,2023-07-03 20:45:00
196.97,202.12,196.3,200.0,10077.0,2023-07-04 20:45:00
196.97,200.0,193.33,193.33,22283.0,2023-07-05 20:45:00
190.3,207.7,189.7,207.7,27669.0,2023-07-06 20:45:00
204.36,204.85,197.88,201.82,20025.0,2023-07-09 20:45:00
198.61,203.03,193.94,195.76,21451.0,2023-07-10 20:45:00
198.85,202.0,192.97,195.76,14437.0,2023-07-11 20:45:00
198.85,207.82,192.73,204.24,47571.0,2023-07-12 20:45:00
204.85,207.88,197.76,201.82,18023.0,2023-07-13 20:45:00
198.79,205.03,198.79,202.42,10139.0,2023-07-16 20:45:00
199.39,203.21,199.39,201.82,11151.0,2023-07-17 20:45:00
198.79,203.03,198.06,198.06,9101.0,2023-07-18 20:45:00
195.15,200.0,195.15,196.97,12077.0,2023-07-19 20:45:00
194.42,200.67,194.42,199.39,7415.0,2023-07-20 20:45:00
196.24,203.15,193.15,203.15,18183.0,2023-07-23 20:45:00
206.06,206.06,196.97,199.39,10160.0,2023-07-24 20:45:00
196.97,201.82,196.97,197.76,8157.0,2023-07-25 20:45:00
195.76,205.15,195.76,196.97,12121.0,2023-07-26 20:45:00
195.76,198.79,193.27,193.33,15303.0,2023-07-27 20:45:00
196.36,196.36,191.58,193.33,8533.0,2023-07-30 20:45:00
190.91,196.3,190.91,196.3,7715.0,2023-07-31 20:45:00
193.33,197.15,189.7,189.7,20112.0,2023-08-01 20:45:00
191.52,193.94,188.55,190.3,12294.0,2023-08-02 20:45:00
189.7,193.33,188.48,190.3,8233.0,2023-08-03 20:45:00
190.91,190.91,183.64,187.76,11777.0,2023-08-06 20:45:00
184.85,187.82,180.79,182.42,8267.0,2023-08-07 20:45:00
185.15,185.27,176.36,176.36,14539.0,2023-08-08 20:45:00
173.64,183.64,173.64,181.82,5111.0,2023-08-09 20:45:00
181.82,184.24,179.03,182.42,4051.0,2023-08-10 20:45:00
179.64,181.82,178.18,178.79,7200.0,2023-08-13 20:45:00
176.36,183.64,176.36,176.67,5145.0,2023-08-14 20:45:00
173.94,178.79,173.94,174.0,7603.0,2023-08-15 20:45:00
171.33,176.97,169.7,172.73,6335.0,2023-08-16 20:45:00
170.3,178.06,170.3,172.67,9495.0,2023-08-17 20:45:00
170.12,172.73,168.12,168.48,9156.0,2023-08-20 20:45:00
166.67,170.97,166.67,167.27,6915.0,2023-08-21 20:45:00
167.15,170.3,166.67,168.18,3265.0,2023-08-22 20:45:00
170.73,173.94,170.73,173.94,7710.0,2023-08-23 20:45:00
174.24,174.24,168.97,168.97,7421.0,2023-08-24 20:45:00
166.67,169.03,166.67,167.88,11885.0,2023-08-27 20:44:00
165.45,168.97,164.0,167.58,4464.0,2023-08-28 20:45:00
167.88,167.88,165.52,166.06,3577.0,2023-08-29 20:45:00
167.88,167.88,164.85,165.76,6701.0,2023-08-30 20:45:00
165.82,167.88,159.39,160.0,6124.0,2023-09-03 20:45:00
162.36,169.09,156.97,158.79,5027.0,2023-09-04 20:45:00
158.18,160.61,158.18,158.85,1648.0,2023-09-05 20:45:00
157.58,159.94,155.21,155.21,3892.0,2023-09-07 20:45:00
157.52,160.55,154.3,157.58,2117.0,2023-09-10 20:45:00
159.94,162.3,157.58,160.61,4769.0,2023-09-11 20:44:00
163.03,165.45,157.58,159.39,7946.0,2023-09-12 20:45:00
161.52,163.94,160.61,162.48,5519.0,2023-09-13 20:45:00
160.61,161.76,157.58,157.58,5250.0,2023-09-17 20:45:00
157.58,160.0,156.36,159.94,3190.0,2023-09-18 20:45:00
159.39,165.45,158.18,164.85,10814.0,2023-09-19 20:45:00
167.33,177.39,166.67,175.15,23282.0,2023-09-21 20:45:00
172.48,180.3,168.67,172.3,12879.0,2023-09-24 20:45:00
169.7,177.58,169.7,174.48,17816.0,2023-09-25 20:45:00
177.15,179.39,174.55,176.36,11419.0,2023-09-26 20:45:00
174.55,176.36,169.82,174.55,6158.0,2023-09-27 20:45:00
171.88,171.88,166.73,168.48,6635.0,2023-10-01 20:45:00
165.94,172.12,163.52,169.09,6790.0,2023-10-02 20:45:00
166.55,167.33,164.12,165.45,5582.0,2023-10-03 20:45:00
163.7,172.36,163.7,167.94,7549.0,2023-10-04 20:45:00
165.52,169.7,165.52,168.48,4085.0,2023-10-05 20:45:00
168.48,168.48,163.64,165.45,6135.0,2023-10-08 20:45:00
163.03,165.45,163.03,164.24,2054.0,2023-10-09 20:45:00
161.76,166.73,161.76,161.76,5144.0,2023-10-10 20:45:00
162.91,165.45,160.61,162.42,6508.0,2023-10-11 20:45:00
164.85,164.85,160.06,160.3,3855.0,2023-10-12 20:45:00
160.36,162.73,158.0,158.79,4313.0,2023-10-16 20:45:00
157.58,166.0,156.42,159.39,2110.0,2023-10-17 20:45:00
161.09,163.64,161.09,162.55,2170.0,2023-10-18 20:45:00
160.73,163.58,160.73,163.03,2304.0,2023-10-19 20:45:00
163.64,163.64,158.18,158.18,1895.0,2023-10-29 20:45:00
156.06,164.55,156.06,163.09,5951.0,2023-10-30 20:45:00
160.67,163.03,158.18,158.55,715.0,2023-10-31 20:45:00
159.39,163.52,157.58,157.58,3939.0,2023-11-01 20:45:00
156.91,159.94,156.36,158.18,2425.0,2023-11-02 20:45:00
156.36,156.85,149.76,156.85,3562.0,2023-11-05 20:45:00
156.36,158.18,155.15,158.18,3518.0,2023-11-06 20:45:00
155.88,162.91,155.88,155.94,3142.0,2023-11-07 20:45:00
156.36,158.24,154.06,155.88,753.0,2023-11-08 20:45:00
155.88,156.36,153.58,153.58,5830.0,2023-11-09 20:45:00
153.94,156.79,153.94,154.55,4009.0,2023-11-20 20:45:00
153.33,153.33,150.36,151.64,2129.0,2023-11-21 20:45:00
153.33,157.58,153.33,154.55,2560.0,2023-11-22 20:45:00
153.33,156.85,152.73,155.7,5685.0,2023-11-23 20:45:00
153.39,160.0,153.39,158.79,4796.0,2023-11-26 20:45:00
161.15,161.15,157.58,158.18,6067.0,2023-11-27 20:45:00
156.42,158.79,154.55,157.58,2073.0,2023-11-28 20:45:00
159.39,159.39,153.64,153.64,3427.0,2023-11-29 20:45:00
151.52,155.88,151.39,151.39,5447.0,2023-11-30 20:45:00
153.58,153.88,151.82,153.88,1253.0,2023-12-03 20:45:00
153.33,156.12,153.03,154.55,2396.0,2023-12-04 20:45:00
152.24,154.55,150.3,153.39,1340.0,2023-12-05 20:45:00
153.33,155.58,151.52,151.88,1883.0,2023-12-06 20:45:00
151.52,154.97,151.03,154.55,7606.0,2023-12-07 20:45:00
156.85,166.06,156.85,166.06,90.0,2023-12-10 20:45:00
168.55,171.82,166.67,166.73,28666.0,2023-12-11 20:45:00
164.18,172.67,161.7,172.12,16355.0,2023-12-12 20:45:00
172.73,177.21,172.12,172.73,18424.0,2023-12-13 20:45:00
172.73,183.21,170.36,175.76,9145.0,2023-12-14 20:45:00
173.03,184.85,172.79,184.18,45349.0,2023-12-17 20:45:00
187.03,188.36,178.79,178.85,30470.0,2023-12-18 20:44:00
181.21,184.0,176.36,180.0,9394.0,2023-12-19 20:45:00
181.82,184.67,176.97,181.58,24845.0,2023-12-20 20:45:00
184.3,187.09,177.58,180.61,37379.0,2023-12-21 20:45:00
180.61,186.97,177.88,179.09,21597.0,2023-12-24 20:45:00
176.36,180.91,168.48,172.91,18520.0,2023-12-27 20:45:00
170.3,180.61,170.3,173.94,15052.0,2023-12-28 20:45:00
176.61,179.33,171.58,171.58,27263.0,2024-01-01 20:45:00
170.0,173.94,166.61,166.61,18040.0,2024-01-02 20:45:00
169.03,169.88,165.33,169.09,21388.0,2024-01-03 20:45:00
166.55,174.12,166.55,169.09,24141.0,2024-01-04 20:45:00
169.76,176.36,167.94,170.91,31629.0,2024-01-07 20:45:00
172.67,176.97,168.48,176.97,24675.0,2024-01-08 20:44:59
174.55,182.42,173.94,176.97,43397.0,2024-01-09 20:44:50
175.76,181.82,174.55,178.18,24127.0,2024-01-10 20:44:54
175.45,180.91,173.33,180.0,16894.0,2024-01-11 20:44:49
182.42,186.06,178.79,184.61,61958.0,2024-01-14 20:44:36
183.03,196.36,183.03,193.94,61346.0,2024-01-16 20:44:37
195.76,196.36,183.15,183.76,55362.0,2024-01-17 20:44:57
186.06,196.36,174.79,186.12,39781.0,2024-01-18 20:44:49
186.12,200.12,186.12,195.76,118064.0,2024-01-21 20:44:57
196.36,207.7,193.33,200.06,121276.0,2024-01-22 20:44:59
202.42,203.03,197.64,200.0,36678.0,2024-01-23 20:44:07
202.97,206.18,197.58,198.79,48568.0,2024-01-24 20:44:49
195.76,201.03,192.67,195.76,39752.0,2024-01-25 20:44:58
198.79,200.61,193.27,196.97,28771.0,2024-01-28 20:44:59
193.82,206.06,193.82,199.82,25256.0,2024-01-29 20:44:53
196.67,205.45,193.94,199.39,30369.0,2024-01-30 20:44:57
199.39,202.42,193.94,194.24,38439.0,2024-01-31 20:44:57
191.52,193.94,188.48,189.09,27023.0,2024-02-01 20:44:59
186.67,192.79,186.42,190.24,15732.0,2024-02-04 20:44:58
190.91,205.27,188.48,205.27,28860.0,2024-02-05 20:44:54
202.0,202.55,195.76,202.42,24987.0,2024-02-06 20:44:57
199.39,204.85,199.39,202.97,32661.0,2024-02-07 20:44:58
206.0,207.58,201.58,205.45,53050.0,2024-02-08 20:44:59
202.42,210.91,202.42,205.76,44675.0,2024-02-11 20:44:58
208.73,222.36,203.03,221.21,149029.0,2024-02-12 20:44:58
221.21,236.36,215.21,236.3,277704.0,2024-02-13 20:44:59
235.76,255.94,233.33,255.94,316555.0,2024-02-14 20:43:35
260.24,274.3,260.24,272.12,282399.0,2024-02-15 20:44:58
276.73,282.12,258.18,260.0,274907.0,2024-02-18 20:44:58
264.36,264.36,251.21,259.39,227718.0,2024-02-20 20:44:58
255.03,272.67,255.03,266.67,135266.0,2024-02-21 20:44:58
266.67,289.09,262.42,289.09,230694.0,2024-02-22 20:44:57
284.24,289.09,269.7,269.7,283198.0,2024-02-25 20:44:58
269.7,280.0,265.15,280.0,82854.0,2024-02-26 20:44:59
284.79,284.79,271.7,275.7,70920.0,2024-02-27 20:44:59
271.03,278.79,266.73,275.7,142740.0,2024-02-28 20:44:58
280.36,280.36,252.06,252.06,282383.0,2024-02-29 20:44:59
247.88,255.39,233.94,251.21,147086.0,2024-03-03 20:44:58
255.39,272.36,254.79,272.36,15897.0,2024-03-04 17:49:37
274.55,274.55,249.09,249.09,369561.0,2024-03-05 20:44:55
249.09,269.09,241.58,267.27,173733.0,2024-03-06 20:44:59
262.73,276.3,246.06,259.39,206185.0,2024-03-07 20:44:58
255.03,258.79,243.45,246.67,229675.0,2024-03-10 20:44:59
248.48,254.55,240.18,243.64,225308.0,2024-03-12 20:44:58
241.21,244.61,238.18,238.79,91881.0,2024-03-13 20:44:45
236.97,247.03,236.97,244.24,100689.0,2024-03-14 20:44:59
242.42,248.48,241.82,241.82,63258.0,2024-03-17 20:44:59
245.39,246.67,241.21,243.03,72085.0,2024-03-18 20:44:56
241.82,253.88,241.82,248.48,156129.0,2024-03-19 20:44:55
252.67,253.27,244.0,244.24,73610.0,2024-03-20 20:44:38
248.3,248.3,241.21,242.42,43075.0,2024-03-21 20:44:59
246.0,246.0,237.27,242.42,67256.0,2024-03-25 20:44:59
242.42,260.0,241.33,253.94,234624.0,2024-03-26 20:44:57
258.18,266.67,251.52,256.97,230182.0,2024-03-27 20:44:58
255.58,257.45,248.48,249.7,132372.0,2024-03-28 20:44:59
246.06,255.15,243.03,244.24,125433.0,2024-03-31 20:44:58
244.24,247.88,240.61,241.21,89350.0,2024-04-01 20:44:46
244.85,244.85,239.39,240.67,72056.0,2024-04-02 20:44:59
243.03,243.03,239.39,241.09,36245.0,2024-04-03 20:44:58
245.09,245.09,238.18,238.79,58184.0,2024-04-04 20:44:29
242.73,242.73,238.79,241.21,53526.0,2024-04-07 20:44:36
241.82,244.85,239.39,242.42,65789.0,2024-04-09 20:44:27
244.85,245.45,239.45,241.21,60770.0,2024-04-10 20:44:35
241.21,249.58,239.39,244.24,75877.0,2024-04-14 20:44:44
241.45,251.52,241.45,242.73,77188.0,2024-04-15 20:44:28
242.85,245.45,239.39,239.45,36823.0,2024-04-16 20:44:51
240.61,251.52,233.03,248.48,72164.0,2024-04-18 20:44:19
244.3,269.39,239.39,254.55,119241.0,2024-04-21 20:44:34
258.79,263.03,251.52,256.97,279563.0,2024-04-22 20:44:44
252.67,261.21,250.24,250.3,77488.0,2024-04-24 20:44:20
249.09,252.73,242.61,243.64,81436.0,2024-04-25 20:44:19
243.64,250.24,241.76,244.85,57418.0,2024-04-28 20:44:30
240.79,248.85,238.36,245.45,139494.0,2024-04-29 20:44:29
242.42,247.88,241.82,242.48,65110.0,2024-04-30 20:44:29
245.45,246.48,240.0,240.12,63698.0,2024-05-02 20:44:26
240.24,243.03,236.36,236.97,61428.0,2024-05-05 20:44:27
240.91,240.91,234.55,236.36,35659.0,2024-05-06 20:44:35
235.15,239.39,233.33,234.48,36218.0,2024-05-07 20:44:46
232.73,233.94,230.3,231.52,51213.0,2024-05-08 20:44:39
229.09,235.21,229.09,230.3,50743.0,2024-05-09 20:44:28
233.33,233.33,228.0,228.48,37772.0,2024-05-12 20:44:34
230.3,231.52,226.67,227.27,31210.0,2024-05-13 20:44:26
226.06,233.94,226.06,233.33,46638.0,2024-05-14 20:44:34
236.36,236.97,227.27,227.33,59539.0,2024-05-15 20:44:49
226.67,231.52,224.24,226.06,34065.0,2024-05-16 20:44:51
229.09,229.45,226.06,227.88,42409.0,2024-05-19 20:38:26
229.64,230.91,222.42,225.45,56176.0,2024-05-20 20:44:55
229.15,229.7,222.36,228.48,45147.0,2024-05-21 20:44:50
227.27,230.0,223.64,224.36,41704.0,2024-05-22 20:44:36
227.88,227.88,222.06,222.06,35652.0,2024-05-26 20:44:47
224.24,225.45,221.52,224.85,35468.0,2024-05-27 20:44:59
228.18,231.94,222.48,223.03,26501.0,2024-05-29 20:44:50
226.55,226.55,221.03,225.88,32654.0,2024-05-30 20:44:49
228.48,228.48,223.82,224.85,36229.0,2024-06-02 20:44:37
227.88,227.88,223.64,224.24,29636.0,2024-06-03 20:44:39
224.24,226.67,222.12,222.18,22536.0,2024-06-04 20:44:49
225.82,225.82,220.61,221.21,28900.0,2024-06-05 20:44:55
224.24,224.55,216.79,216.97,42726.0,2024-06-06 20:44:58
218.12,219.39,212.12,214.55,56354.0,2024-06-09 20:44:50
215.15,226.06,214.0,224.24,58093.0,2024-06-10 20:44:58
227.27,231.88,226.06,231.52,53489.0,2024-06-11 20:44:59
233.94,233.94,224.42,227.15,38559.0,2024-06-12 20:44:58
226.06,226.97,221.88,223.15,35726.0,2024-06-13 20:44:58
224.85,226.67,221.21,221.21,31803.0,2024-06-16 20:44:44
221.21,224.24,218.91,221.21,32985.0,2024-06-18 20:44:47
219.39,224.85,219.39,221.27,7365.0,2024-06-19 20:44:59
221.21,223.64,217.88,217.94,28870.0,2024-06-20 20:44:50
221.15,221.52,217.64,217.88,30898.0,2024-06-23 20:44:59
218.18,221.21,216.97,220.0,30230.0,2024-06-24 20:44:58
221.21,223.03,218.42,218.42,20471.0,2024-06-25 20:44:55
218.18,220.0,215.21,215.21,24945.0,2024-06-26 20:44:55
215.15,217.58,212.18,212.79,39411.0,2024-06-27 20:44:52
215.76,215.76,209.7,212.06,36939.0,2024-06-30 20:44:45
209.7,213.88,209.7,211.45,17558.0,2024-07-01 20:44:55
214.85,228.61,214.85,216.36,24506.0,2024-07-02 20:44:57
216.36,216.36,211.88,213.94,32449.0,2024-07-03 20:44:53
216.36,218.18,213.33,217.58,37672.0,2024-07-04 20:44:53
218.18,221.82,216.97,219.88,29823.0,2024-07-07 20:44:50
221.21,221.21,216.48,217.27,15752.0,2024-07-08 20:44:54
216.06,217.58,215.15,217.21,21723.0,2024-07-09 20:44:55
218.12,218.18,215.15,216.12,32136.0,2024-07-10 20:44:58
218.12,221.03,215.15,220.85,51749.0,2024-07-11 20:44:51
224.42,230.91,221.21,223.94,39966.0,2024-07-14 20:44:59
227.58,227.58,220.0,220.06,39150.0,2024-07-15 20:44:50
223.64,233.33,220.0,232.73,121330.0,2024-07-16 20:44:53
233.33,243.03,230.3,237.7,99583.0,2024-07-17 20:44:28
241.21,241.21,231.52,236.97,100223.0,2024-07-18 20:44:57
239.39,240.0,233.94,236.97,70323.0,2024-07-21 20:44:55
239.39,240.61,230.3,235.76,88734.0,2024-07-22 20:44:56
236.36,247.76,234.61,244.24,122202.0,2024-07-23 20:44:47
247.82,248.42,239.39,240.0,102557.0,2024-07-24 20:44:57
243.64,243.64,237.03,238.18,67503.0,2024-07-25 20:44:55
241.21,249.7,235.15,236.55,60601.0,2024-07-28 20:44:54
240.48,240.48,232.42,232.42,59955.0,2024-07-29 20:44:55
232.42,238.97,232.12,234.55,87279.0,2024-07-30 20:44:59
235.15,246.06,234.55,239.52,111163.0,2024-07-31 20:44:56
243.52,248.48,240.61,243.03,169458.0,2024-08-01 20:44:55
239.39,249.52,239.39,247.15,131339.0,2024-08-05 20:44:50
247.27,253.94,234.55,235.76,119527.0,2024-08-06 20:45:00
235.76,244.0,233.94,242.42,68698.0,2024-08-07 20:44:47
245.39,245.45,239.39,239.7,68392.0,2024-08-08 20:44:58
235.7,249.09,235.7,246.06,117354.0,2024-08-11 20:44:40
241.94,266.73,241.94,266.73,182934.0,2024-08-12 20:44:54
271.27,284.85,267.15,275.15,199945.0,2024-08-13 20:44:53
276.97,285.45,262.48,275.15,105002.0,2024-08-14 20:44:54
275.82,285.27,266.73,270.3,169852.0,2024-08-15 20:44:58
270.91,272.79,254.79,262.91,169338.0,2024-08-18 20:44:58
258.79,269.09,255.15,259.7,77500.0,2024-08-21 20:44:55
263.64,267.88,257.58,260.67,69380.0,2024-08-22 20:44:54
260.06,267.88,245.52,261.94,105746.0,2024-08-25 20:44:54
257.52,257.52,246.12,249.7,82293.0,2024-08-27 20:44:59
250.3,253.94,242.42,244.79,54223.0,2024-08-28 20:44:47
242.42,248.48,234.97,236.97,60783.0,2024-08-29 20:44:58
240.61,240.61,230.3,232.73,57202.0,2024-09-01 20:44:59
236.36,251.52,232.42,251.52,68554.0,2024-09-02 20:44:59
255.76,255.76,246.06,246.67,65176.0,2024-09-03 20:44:45
245.7,249.7,236.36,238.12,75978.0,2024-09-04 20:44:59
238.12,244.24,235.76,238.18,38523.0,2024-09-05 20:44:40
242.12,247.82,237.03,237.03,31383.0,2024-09-08 20:44:53
233.94,242.12,233.94,235.76,38286.0,2024-09-09 20:44:50
239.64,243.64,232.73,234.55,26138.0,2024-09-10 20:44:55
234.55,238.18,232.12,233.33,25507.0,2024-09-11 20:44:51
236.36,240.0,232.55,238.79,30747.0,2024-09-12 20:44:59
242.73,246.55,232.73,233.33,20974.0,2024-09-15 20:44:57
237.15,237.15,224.79,230.24,50464.0,2024-09-16 20:44:56
226.97,231.52,223.64,224.3,35889.0,2024-09-18 20:44:59
227.88,235.39,224.85,229.39,14450.0,2024-09-22 20:44:58
226.97,227.27,220.61,222.42,18480.0,2024-09-23 20:44:59
220.61,229.7,211.09,215.15,34140.0,2024-09-24 20:44:58
211.7,218.67,211.7,218.06,19529.0,2024-09-25 20:44:59
221.21,221.21,204.48,212.12,40025.0,2024-09-26 20:44:59
214.48,214.48,202.18,202.55,25959.0,2024-09-29 20:44:58
205.76,207.76,200.0,206.06,23357.0,2024-09-30 20:44:59
207.82,215.76,204.73,215.15,20942.0,2024-10-01 20:44:46
218.67,220.61,211.52,212.73,28203.0,2024-10-02 20:44:51
212.73,217.39,211.21,216.36,15998.0,2024-10-06 20:44:59
218.18,232.73,218.18,231.27,39887.0,2024-10-07 20:44:59
235.03,236.36,226.73,230.91,30714.0,2024-10-08 20:44:55
234.73,237.52,225.7,232.12,39417.0,2024-10-09 20:44:59
234.73,237.52,225.7,232.12,39417.0,2024-10-09 20:44:59
235.94,243.64,226.24,233.94,8346.0,2024-10-15 20:44:59
237.82,241.21,222.3,236.36,18724.0,2024-10-16 20:44:59
240.3,240.3,232.12,233.33,34488.0,2024-10-17 20:44:14
229.52,232.12,225.45,227.09,31190.0,2024-10-20 20:44:42
230.79,234.55,220.61,222.42,17015.0,2024-10-21 20:44:58
218.85,228.48,218.85,228.36,26331.0,2024-10-22 20:44:58
224.85,235.76,223.94,226.61,18167.0,2024-10-23 20:44:59
230.3,230.3,222.85,224.24,13485.0,2024-10-24 20:44:40
221.21,226.06,220.67,223.03,16745.0,2024-10-27 20:44:59
222.24,227.27,222.24,226.67,14417.0,2024-10-28 20:44:58
229.7,231.52,225.94,230.91,26798.0,2024-10-29 20:44:59
227.09,234.48,223.45,230.3,13453.0,2024-10-30 20:44:42
226.48,232.12,226.48,229.09,15137.0,2024-11-05 20:44:59
226.06,231.52,226.06,227.27,14664.0,2024-11-06 20:44:52
229.7,238.73,226.73,236.36,44146.0,2024-11-10 20:44:50
239.39,246.67,233.33,244.24,112501.0,2024-11-11 20:44:57
247.88,247.88,235.88,242.42,23898.0,2024-11-12 20:44:59
238.79,242.42,234.91,242.42,38454.0,2024-11-13 20:44:59
244.79,248.48,235.21,244.36,63800.0,2024-11-14 20:44:59
247.7,257.58,246.73,247.88,132178.0,2024-11-17 20:44:43
252.0,252.0,237.94,239.03,65887.0,2024-11-19 20:44:36
235.09,245.45,234.06,244.24,59750.0,2024-11-20 20:44:48
240.3,251.58,236.3,244.24,47168.0,2024-11-21 20:44:59
240.18,247.27,237.58,237.58,25551.0,2024-11-24 20:04:48
234.61,243.03,234.61,239.39,23577.0,2024-11-25 20:44:34
243.39,247.27,239.39,246.61,72138.0,2024-11-26 20:44:59
250.73,250.73,246.12,248.42,44016.0,2024-11-27 20:44:59
251.52,251.52,242.12,248.18,33699.0,2024-11-28 20:44:59
252.3,252.3,238.85,245.15,36236.0,2024-12-01 20:44:59
248.91,265.7,241.21,265.7,207380.0,2024-12-02 20:44:49
270.18,288.3,270.18,288.3,135359.0,2024-12-03 20:44:58
293.27,313.15,293.27,313.15,685647.0,2024-12-04 20:44:58
318.61,336.36,310.3,327.27,296709.0,2024-12-05 20:44:58
327.88,327.88,298.48,298.48,237245.0,2024-12-08 20:44:59
303.64,309.03,292.73,307.88,288268.0,2024-12-09 20:44:57
312.12,329.82,291.03,328.48,163312.0,2024-12-10 20:44:54
322.73,322.73,299.58,304.73,227140.0,2024-12-11 20:44:58
299.45,320.67,286.0,290.3,352579.0,2024-12-12 20:44:59
295.27,315.27,295.27,313.88,424322.0,2024-12-16 20:44:58
315.15,318.79,304.85,310.91,101089.0,2024-12-17 20:44:59
316.3,316.36,306.67,314.61,118327.0,2024-12-18 20:44:59
320.0,320.0,307.27,318.12,169989.0,2024-12-19 20:44:59
315.15,319.33,306.73,312.18,96812.0,2024-12-22 20:44:59
311.58,337.76,301.94,331.82,261529.0,2024-12-23 20:44:59
326.06,355.52,309.64,349.33,417753.0,2024-12-24 20:44:59
348.73,348.73,318.36,318.36,202519.0,2024-12-26 20:44:45
312.79,312.79,290.48,293.94,183594.0,2024-12-29 20:44:59
288.85,288.85,269.7,280.0,144099.0,2024-12-31 20:44:59
284.79,302.85,278.79,302.36,101145.0,2025-01-01 20:44:59
301.76,312.0,297.15,307.76,141354.0,2025-01-02 20:44:59
309.09,310.3,298.79,301.82,90170.0,2025-01-05 20:44:58
306.06,313.33,300.73,310.3,144073.0,2025-01-06 20:44:59
309.7,324.24,305.64,309.09,205659.0,2025-01-07 20:44:57
308.48,308.48,296.0,299.39,120658.0,2025-01-08 20:44:58
300.0,302.97,291.45,295.76,61364.0,2025-01-09 20:44:59
300.0,300.0,292.85,296.42,42476.0,2025-01-12 20:44:59
293.94,298.73,290.06,293.94,58987.0,2025-01-13 20:44:58
299.03,307.03,283.88,298.18,100995.0,2025-01-15 20:44:59
297.58,302.42,295.33,299.76,53908.0,2025-01-16 20:44:55
304.91,306.67,295.15,306.67,75596.0,2025-01-19 20:44:59
301.82,322.3,289.09,294.55,216274.0,2025-01-20 20:44:59
294.55,296.36,286.06,288.67,104895.0,2025-01-21 20:44:56
289.09,298.18,289.09,298.18,55513.0,2025-01-22 20:44:58
300.0,300.0,290.91,291.52,58120.0,2025-01-23 20:44:59
296.55,296.55,286.67,286.67,46909.0,2025-01-26 20:44:40
291.45,293.94,285.45,287.88,51728.0,2025-01-27 20:44:58
290.91,290.91,286.67,290.91,82890.0,2025-01-28 20:44:58
290.91,295.76,288.85,289.09,83467.0,2025-02-02 20:44:46
294.06,294.06,285.52,288.36,62884.0,2025-02-03 20:44:58
290.24,313.21,286.61,313.21,396385.0,2025-02-04 20:44:57
312.73,335.45,303.03,309.09,394693.0,2025-02-05 20:44:59
303.7,315.15,303.58,303.64,105491.0,2025-02-06 20:44:59
298.36,306.42,292.12,296.97,134297.0,2025-02-09 20:44:59
296.97,299.94,292.79,294.55,42276.0,2025-02-10 20:44:59
296.36,296.97,292.12,293.33,61624.0,2025-02-11 20:44:58
293.64,303.45,293.64,295.15,72983.0,2025-02-12 20:44:57
294.0,296.97,292.12,293.64,49436.0,2025-02-13 20:44:59
298.67,298.67,293.33,294.55,68817.0,2025-02-16 20:44:59
298.79,303.64,293.94,299.15,78210.0,2025-02-17 20:44:56
297.27,302.42,294.55,296.36,52229.0,2025-02-18 20:44:59
293.94,296.97,291.52,292.12,64071.0,2025-02-20 20:44:59
287.88,293.88,286.67,291.45,58062.0,2025-02-23 20:44:57
295.76,295.76,287.88,292.06,45279.0,2025-02-24 20:44:59
290.91,294.55,288.48,290.91,51874.0,2025-02-25 20:44:57
295.76,295.76,288.67,290.61,40878.0,2025-02-27 20:44:59
286.06,296.97,286.06,296.91,60389.0,2025-03-02 20:44:58
286.06,296.97,286.06,296.91,60389.0,2025-03-02 20:44:58
292.12,303.03,292.12,293.33,73223.0,2025-03-03 20:44:59
292.12,296.91,290.85,292.06,59599.0,2025-03-04 20:44:59
293.94,293.94,288.24,288.48,39940.0,2025-03-05 20:44:46
288.48,290.91,287.88,287.88,34396.0,2025-03-06 20:44:55
288.24,290.91,284.85,285.03,51569.0,2025-03-09 20:44:57
282.42,288.55,282.42,283.64,35940.0,2025-03-10 20:44:59
283.64,286.06,278.79,279.39,39060.0,2025-03-11 20:44:58
280.0,282.36,277.58,277.58,36045.0,2025-03-12 20:44:57
277.58,280.48,271.58,271.58,40067.0,2025-03-16 20:44:38
271.52,275.15,270.3,271.52,34692.0,2025-03-17 20:44:58
276.12,276.12,268.48,269.7,20380.0,2025-03-18 20:44:59
269.7,272.73,266.06,267.82,32125.0,2025-03-19 20:44:58
272.36,272.36,264.85,265.16,27408.0,2025-03-20 20:44:43
269.03,269.03,257.58,258.64,45462.0,2025-03-23 20:44:58
262.36,264.91,256.91,260.31,24428.0,2025-03-24 20:44:55
257.58,258.18,245.45,248.21,58034.0,2025-03-25 20:44:29
252.36,255.76,246.79,251.98,33137.0,2025-03-26 20:44:59
255.76,258.79,251.52,256.19,28647.0,2025-03-27 20:44:56
252.73,277.82,252.73,277.73,105225.0,2025-03-30 20:44:35
282.42,283.82,269.27,271.99,84017.0,2025-04-01 20:44:58
276.36,280.61,269.15,270.96,28363.0,2025-04-02 20:44:54
269.7,274.55,264.91,266.12,40401.0,2025-04-03 20:44:50
270.61,279.88,262.12,264.52,24690.0,2025-04-07 20:44:59
268.97,268.97,260.0,265.49,20698.0,2025-04-08 20:44:59
269.64,274.3,264.24,272.52,47006.0,2025-04-09 20:44:48
277.15,277.15,271.52,274.25,28900.0,2025-04-10 20:44:59
278.91,278.91,269.88,270.41,17146.0,2025-04-13 20:44:58
270.3,275.64,269.27,269.71,19935.0,2025-04-15 20:44:58
274.3,278.12,268.55,275.43,27418.0,2025-04-16 20:44:59
280.0,281.76,276.97,278.72,35987.0,2025-04-17 20:44:53
283.45,284.79,273.33,274.89,18491.0,2025-04-20 20:44:59
279.58,279.58,272.12,275.41,19000.0,2025-04-21 20:44:58
280.12,280.12,271.52,273.3,21837.0,2025-04-22 20:44:59
277.94,277.94,267.39,268.68,14718.0,2025-04-23 20:44:58
273.21,273.21,263.64,266.81,34605.0,2025-04-24 20:44:59
271.33,272.06,266.67,267.58,31877.0,2025-04-27 20:44:59
272.12,276.73,266.06,266.45,19596.0,2025-04-28 20:44:25
270.97,270.97,259.76,261.97,25567.0,2025-04-29 20:44:57
266.06,269.03,258.79,264.25,21205.0,2025-04-30 20:44:46
268.55,268.55,258.18,260.04,13391.0,2025-05-04 20:44:53
263.64,263.64,255.21,258.25,17680.0,2025-05-05 20:42:28
262.42,262.42,258.18,258.79,12138.0,2025-05-06 20:42:52
262.42,269.09,258.18,268.08,29473.0,2025-05-07 20:44:22
267.88,275.45,267.88,270.16,99756.0,2025-05-08 20:44:58
274.73,293.21,274.55,293.21,209699.0,2025-05-11 20:44:27
298.24,318.55,298.18,310.67,254603.0,2025-05-13 20:44:57
316.06,320.61,300.18,303.47,189576.0,2025-05-14 20:44:59
303.64,308.73,280.06,284.82,221166.0,2025-05-15 20:44:59
289.7,289.7,268.48,270.92,115610.0,2025-05-18 20:44:40
289.7,289.7,268.48,270.92,115610.0,2025-05-18 20:44:40
270.91,278.61,267.45,270.85,52020.0,2025-05-19 20:44:59
274.48,289.7,266.85,285.07,74529.0,2025-05-20 20:44:52
289.94,294.91,275.76,279.41,67612.0,2025-05-21 20:44:58
282.42,286.06,275.15,275.9,40452.0,2025-05-22 20:44:51
280.0,280.0,269.33,272.4,41657.0,2025-05-25 20:44:57
277.03,286.55,269.88,272.42,35531.0,2025-05-26 20:44:59
277.03,277.03,267.7,273.52,29200.0,2025-05-27 20:44:48
278.12,281.82,270.61,277.73,44514.0,2025-05-28 20:44:43
282.42,283.03,275.76,277.32,46490.0,2025-06-02 20:44:48
275.76,281.15,273.33,274.77,31266.0,2025-06-03 20:44:54
279.39,279.39,272.42,273.84,32052.0,2025-06-04 18:14:13
272.12,276.97,270.67,271.56,39778.0,2025-06-05 20:44:56
270.3,281.82,270.3,273.79,36093.0,2025-06-08 20:44:44
275.76,281.21,275.76,279.05,35841.0,2025-06-09 20:44:57
283.82,301.82,283.82,293.12,146924.0,2025-06-10 20:44:59
296.97,296.97,284.85,288.48,76367.0,2025-06-11 20:44:55
283.82,299.39,283.82,287.33,87297.0,2025-06-12 20:44:59
289.7,296.36,287.27,287.95,95655.0,2025-06-15 20:44:48
292.91,292.91,287.27,287.93,64954.0,2025-06-16 20:44:55
287.94,290.91,286.67,287.95,59191.0,2025-06-17 20:44:57
291.94,312.79,288.48,312.56,403299.0,2025-06-18 20:44:58
318.0,334.55,307.88,316.98,420637.0,2025-06-19 20:44:59
323.0,348.6,323.0,348.6,41835.0,2025-06-22 18:45:17
